pmcid,pmid,saved_path,source,format,status,notes
PMC11303482,38733496.0,downloaded_papers/PMC11303482.xml,PMC,xml,ok,
PMC11275976,39071344.0,downloaded_papers/PMC11275976.xml,PMC,xml,ok,
,39109839.0,,,,failed,PMCID conversion failed; No OA via PMC/Europe PMC.
PMC11303482,38733496.0,downloaded_papers/PMC11303482.xml,PMC,xml,ok,
PMC10873279,37883444.0,downloaded_papers/PMC10873279.xml,PMC,xml,ok,
PMC10854826,38334607.0,downloaded_papers/PMC10854826.xml,PMC,xml,ok,
PMC10854826,38334607.0,downloaded_papers/PMC10854826.xml,PMC,xml,ok,
PMC11275976,39071344.0,downloaded_papers/PMC11275976.xml,PMC,xml,ok,
PMC10855544,38338886.0,downloaded_papers/PMC10855544.xml,PMC,xml,ok,
PMC10854826,38334607.0,downloaded_papers/PMC10854826.xml,PMC,xml,ok,
PMC11303561,39107470.0,downloaded_papers/PMC11303561.xml,PMC,xml,ok,
,38296740.0,,,,failed,PMCID conversion failed; No OA via PMC/Europe PMC.
PMC10425459,37580379.0,downloaded_papers/PMC10425459.xml,PMC,xml,ok,
PMC10156617,37153445.0,downloaded_papers/PMC10156617.xml,PMC,xml,ok,
PMC11275844,39071312.0,downloaded_papers/PMC11275844.xml,PMC,xml,ok,
PMC10359415,37474525.0,downloaded_papers/PMC10359415.xml,PMC,xml,ok,
PMC10524625,37121539.0,downloaded_papers/PMC10524625.xml,PMC,xml,ok,
,38296740.0,,,,failed,PMCID conversion failed; No OA via PMC/Europe PMC.
PMC11148039,38830841.0,downloaded_papers/PMC11148039.xml,PMC,xml,ok,
PMC10584688,37369347.0,downloaded_papers/PMC10584688.xml,PMC,xml,ok,
PMC10415281,37563143.0,downloaded_papers/PMC10415281.xml,PMC,xml,ok,
PMC9934066,36626551.0,downloaded_papers/PMC9934066.xml,PMC,xml,ok,
PMC10230549,37146582.0,downloaded_papers/PMC10230549.xml,PMC,xml,ok,
PMC9934066,36626551.0,downloaded_papers/PMC9934066.xml,PMC,xml,ok,
PMC9934066,36626551.0,downloaded_papers/PMC9934066.xml,PMC,xml,ok,
PMC11877754,40033278.0,downloaded_papers/PMC11877754.xml,PMC,xml,ok,
PMC10309589,37278344.0,downloaded_papers/PMC10309589.xml,PMC,xml,ok,
PMC10309589,37278344.0,downloaded_papers/PMC10309589.xml,PMC,xml,ok,
PMC10250329,37291192.0,downloaded_papers/PMC10250329.xml,PMC,xml,ok,
PMC10309589,37278344.0,downloaded_papers/PMC10309589.xml,PMC,xml,ok,
PMC9926443,36788289.0,downloaded_papers/PMC9926443.xml,PMC,xml,ok,
PMC9934066,36626551.0,downloaded_papers/PMC9934066.xml,PMC,xml,ok,
,37054708.0,,,,failed,PMCID conversion failed; No OA via PMC/Europe PMC.
PMC10250329,37291192.0,downloaded_papers/PMC10250329.xml,PMC,xml,ok,
PMC9875743,36695714.0,downloaded_papers/PMC9875743.xml,PMC,xml,ok,
PMC9875743,36695714.0,downloaded_papers/PMC9875743.xml,PMC,xml,ok,
PMC9457323,36037374.0,downloaded_papers/PMC9457323.xml,PMC,xml,ok,
PMC10023352,36750100.0,downloaded_papers/PMC10023352.xml,PMC,xml,ok,
PMC12358170,35940219.0,downloaded_papers/PMC12358170.xml,PMC,xml,ok,
PMC9438972,36055191.0,downloaded_papers/PMC9438972.xml,PMC,xml,ok,
PMC9677913,36411408.0,downloaded_papers/PMC9677913.xml,PMC,xml,ok,
PMC9438972,36055191.0,downloaded_papers/PMC9438972.xml,PMC,xml,ok,
PMC10989690,35770551.0,downloaded_papers/PMC10989690.xml,PMC,xml,ok,
PMC9438972,36055191.0,downloaded_papers/PMC9438972.xml,PMC,xml,ok,
PMC10250329,37291192.0,downloaded_papers/PMC10250329.xml,PMC,xml,ok,
PMC9439721,35988542.0,downloaded_papers/PMC9439721.xml,PMC,xml,ok,
PMC9199136,35705916.0,downloaded_papers/PMC9199136.xml,PMC,xml,ok,
PMC9119931,35589747.0,downloaded_papers/PMC9119931.xml,PMC,xml,ok,
PMC9199136,35705916.0,downloaded_papers/PMC9199136.xml,PMC,xml,ok,
PMC9119931,35589747.0,downloaded_papers/PMC9119931.xml,PMC,xml,ok,
PMC9126248,35606885.0,downloaded_papers/PMC9126248.xml,PMC,xml,ok,
PMC9119931,35589747.0,downloaded_papers/PMC9119931.xml,PMC,xml,ok,
PMC9896899,36744021.0,downloaded_papers/PMC9896899.xml,PMC,xml,ok,
PMC10152005,37131171.0,downloaded_papers/PMC10152005.xml,PMC,xml,ok,
PMC9159278,35664000.0,downloaded_papers/PMC9159278.xml,PMC,xml,ok,
PMC9126248,35606885.0,downloaded_papers/PMC9126248.xml,PMC,xml,ok,
PMC9214048,35594858.0,downloaded_papers/PMC9214048.xml,PMC,xml,ok,
PMC7793904,33424915.0,downloaded_papers/PMC7793904.xml,PMC,xml,ok,
,33345276.0,,,,failed,PMCID conversion failed; No OA via PMC/Europe PMC.
PMC7664191,33171905.0,downloaded_papers/PMC7664191.xml,PMC,xml,ok,
PMC7780123,33184181.0,downloaded_papers/PMC7780123.xml,PMC,xml,ok,
PMC7669270,33141023.0,downloaded_papers/PMC7669270.xml,PMC,xml,ok,
PMC9214048,35594858.0,downloaded_papers/PMC9214048.xml,PMC,xml,ok,
PMC7340496,31768023.0,downloaded_papers/PMC7340496.xml,PMC,xml,ok,
PMC9214048,35594858.0,downloaded_papers/PMC9214048.xml,PMC,xml,ok,
,35508139.0,,,,failed,PMCID conversion failed; No OA via PMC/Europe PMC.
PMC6952106,31917811.0,downloaded_papers/PMC6952106.xml,PMC,xml,ok,
PMC6943130,31777916.0,downloaded_papers/PMC6943130.xml,PMC,xml,ok,
PMC6831931,31709049.0,downloaded_papers/PMC6831931.xml,PMC,xml,ok,
PMC7255550,32046454.0,downloaded_papers/PMC7255550.xml,PMC,xml,ok,
PMC7355036,32576693.0,downloaded_papers/PMC7355036.xml,PMC,xml,ok,
PMC7774094,31675530.0,downloaded_papers/PMC7774094.xml,PMC,xml,ok,
PMC6747679,31443432.0,downloaded_papers/PMC6747679.xml,PMC,xml,ok,
PMC6814242,31613879.0,downloaded_papers/PMC6814242.xml,PMC,xml,ok,
PMC6819472,31665063.0,downloaded_papers/PMC6819472.xml,PMC,xml,ok,
PMC6802173,31628347.0,downloaded_papers/PMC6802173.xml,PMC,xml,ok,
,31564034.0,,,,failed,PMCID conversion failed; No OA via PMC/Europe PMC.
,31315026.0,,,,failed,PMCID conversion failed; No OA via PMC/Europe PMC.
,31315026.0,,,,failed,PMCID conversion failed; No OA via PMC/Europe PMC.
,31315026.0,,,,failed,PMCID conversion failed; No OA via PMC/Europe PMC.
,31315026.0,,,,failed,PMCID conversion failed; No OA via PMC/Europe PMC.
,31091979.0,,,,failed,PMCID conversion failed; No OA via PMC/Europe PMC.
PMC6819472,31665063.0,downloaded_papers/PMC6819472.xml,PMC,xml,ok,
PMC6842583,31636193.0,downloaded_papers/PMC6842583.xml,PMC,xml,ok,
,31330572.0,,,,failed,PMCID conversion failed; No OA via PMC/Europe PMC.
PMC6675118,31329595.0,downloaded_papers/PMC6675118.xml,PMC,xml,ok,
PMC7710742,33268789.0,downloaded_papers/PMC7710742.xml,PMC,xml,ok,
PMC6688959,31256989.0,downloaded_papers/PMC6688959.xml,PMC,xml,ok,
PMC5783879,29193784.0,downloaded_papers/PMC5783879.xml,PMC,xml,ok,
PMC6390544,30808399.0,downloaded_papers/PMC6390544.xml,PMC,xml,ok,
PMC6824492,31530576.0,downloaded_papers/PMC6824492.xml,PMC,xml,ok,
,31036937.0,,,,failed,PMCID conversion failed; No OA via PMC/Europe PMC.
PMC6398448,30718289.0,downloaded_papers/PMC6398448.xml,PMC,xml,ok,
PMC6361888,30718791.0,downloaded_papers/PMC6361888.xml,PMC,xml,ok,
,31675487.0,,,,failed,PMCID conversion failed; No OA via PMC/Europe PMC.
PMC6688959,31256989.0,downloaded_papers/PMC6688959.xml,PMC,xml,ok,
PMC9692009,36439123.0,downloaded_papers/PMC9692009.xml,PMC,xml,ok,
PMC10041116,36913592.0,downloaded_papers/PMC10041116.xml,PMC,xml,ok,
PMC9546589,36161909.0,downloaded_papers/PMC9546589.xml,PMC,xml,ok,
PMC6598374,31248403.0,downloaded_papers/PMC6598374.xml,PMC,xml,ok,
PMC9546589,36161909.0,downloaded_papers/PMC9546589.xml,PMC,xml,ok,
PMC9546589,36161909.0,downloaded_papers/PMC9546589.xml,PMC,xml,ok,
PMC9485834,36147738.0,downloaded_papers/PMC9485834.xml,PMC,xml,ok,
PMC10166166,37155315.0,downloaded_papers/PMC10166166.xml,PMC,xml,ok,
PMC10768793,37533201.0,downloaded_papers/PMC10768793.xml,PMC,xml,ok,
PMC9546589,36161909.0,downloaded_papers/PMC9546589.xml,PMC,xml,ok,
,35508139.0,,,,failed,PMCID conversion failed; No OA via PMC/Europe PMC.
,35508139.0,,,,failed,PMCID conversion failed; No OA via PMC/Europe PMC.
,35580406.0,,,,failed,PMCID conversion failed; No OA via PMC/Europe PMC.
,35728625.0,,,,failed,PMCID conversion failed; No OA via PMC/Europe PMC.
,35728625.0,,,,failed,PMCID conversion failed; No OA via PMC/Europe PMC.
PMC9099074,35571026.0,downloaded_papers/PMC9099074.xml,PMC,xml,ok,
PMC8984963,35235780.0,downloaded_papers/PMC8984963.xml,PMC,xml,ok,
,35508139.0,,,,failed,PMCID conversion failed; No OA via PMC/Europe PMC.
PMC9996236,36744393.0,downloaded_papers/PMC9996236.xml,PMC,xml,ok,
,35143761.0,,,,failed,PMCID conversion failed; No OA via PMC/Europe PMC.
PMC8984963,35235780.0,downloaded_papers/PMC8984963.xml,PMC,xml,ok,
PMC8935213,35050308.0,downloaded_papers/PMC8935213.xml,PMC,xml,ok,
PMC8864016,35194044.0,downloaded_papers/PMC8864016.xml,PMC,xml,ok,
PMC8919768,35196486.0,downloaded_papers/PMC8919768.xml,PMC,xml,ok,
PMC9645817,35418685.0,downloaded_papers/PMC9645817.xml,PMC,xml,ok,
PMC8848662,35168652.0,downloaded_papers/PMC8848662.xml,PMC,xml,ok,
PMC9126248,35606885.0,downloaded_papers/PMC9126248.xml,PMC,xml,ok,
PMC8633617,34734245.0,downloaded_papers/PMC8633617.xml,PMC,xml,ok,
PMC8833843,35108527.0,downloaded_papers/PMC8833843.xml,PMC,xml,ok,
PMC8833843,35108527.0,downloaded_papers/PMC8833843.xml,PMC,xml,ok,
,35143761.0,,,,failed,PMCID conversion failed; No OA via PMC/Europe PMC.
PMC8698620,34942977.0,downloaded_papers/PMC8698620.xml,PMC,xml,ok,
PMC8848662,35168652.0,downloaded_papers/PMC8848662.xml,PMC,xml,ok,
PMC9072346,35513694.0,downloaded_papers/PMC9072346.xml,PMC,xml,ok,
PMC8720468,34411378.0,downloaded_papers/PMC8720468.xml,PMC,xml,ok,
PMC8463881,34518230.0,downloaded_papers/PMC8463881.xml,PMC,xml,ok,
PMC9072346,35513694.0,downloaded_papers/PMC9072346.xml,PMC,xml,ok,
PMC8606575,34803160.0,downloaded_papers/PMC8606575.xml,PMC,xml,ok,
PMC8132511,33734487.0,downloaded_papers/PMC8132511.xml,PMC,xml,ok,
PMC8463881,34518230.0,downloaded_papers/PMC8463881.xml,PMC,xml,ok,
,34619096.0,,,,failed,PMCID conversion failed; No OA via PMC/Europe PMC.
PMC8449346,34507999.0,downloaded_papers/PMC8449346.xml,PMC,xml,ok,
PMC10506314,37718409.0,downloaded_papers/PMC10506314.xml,PMC,xml,ok,
PMC9263407,35814288.0,downloaded_papers/PMC9263407.xml,PMC,xml,ok,
PMC9203276,35637409.0,downloaded_papers/PMC9203276.xml,PMC,xml,ok,
PMC7711917,32902612.0,downloaded_papers/PMC7711917.xml,PMC,xml,ok,
PMC7883308,33378662.0,downloaded_papers/PMC7883308.xml,PMC,xml,ok,
PMC8848662,35168652.0,downloaded_papers/PMC8848662.xml,PMC,xml,ok,
PMC8468108,34575858.0,downloaded_papers/PMC8468108.xml,PMC,xml,ok,
PMC8113516,33976150.0,downloaded_papers/PMC8113516.xml,PMC,xml,ok,
PMC7739187,33344732.0,downloaded_papers/PMC7739187.xml,PMC,xml,ok,
PMC7739187,33344732.0,downloaded_papers/PMC7739187.xml,PMC,xml,ok,
PMC7571453,32772088.0,downloaded_papers/PMC7571453.xml,PMC,xml,ok,
,30849655.0,,,,failed,PMCID conversion failed; No OA via PMC/Europe PMC.
PMC7674943,33250783.0,downloaded_papers/PMC7674943.xml,PMC,xml,ok,
PMC7501055,32949999.0,downloaded_papers/PMC7501055.xml,PMC,xml,ok,
PMC7673481,33240529.0,downloaded_papers/PMC7673481.xml,PMC,xml,ok,
PMC8596487,32669713.0,downloaded_papers/PMC8596487.xml,PMC,xml,ok,
,32800293.0,,,,failed,PMCID conversion failed; No OA via PMC/Europe PMC.
PMC8596487,32669713.0,downloaded_papers/PMC8596487.xml,PMC,xml,ok,
PMC7322553,32595139.0,downloaded_papers/PMC7322553.xml,PMC,xml,ok,
PMC5891938,29643944.0,downloaded_papers/PMC5891938.xml,PMC,xml,ok,
PMC6667736,31396047.0,downloaded_papers/PMC6667736.xml,PMC,xml,ok,
,31406382.0,,,,failed,PMCID conversion failed; No OA via PMC/Europe PMC.
PMC7068803,31375526.0,downloaded_papers/PMC7068803.xml,PMC,xml,ok,
PMC8596487,32669713.0,downloaded_papers/PMC8596487.xml,PMC,xml,ok,
,31233251.0,,,,failed,PMCID conversion failed; No OA via PMC/Europe PMC.
PMC6993854,31633784.0,downloaded_papers/PMC6993854.xml,PMC,xml,ok,
,31145892.0,,,,failed,PMCID conversion failed; No OA via PMC/Europe PMC.
PMC6973314,31957537.0,downloaded_papers/PMC6973314.xml,PMC,xml,ok,
PMC6563950,31194736.0,downloaded_papers/PMC6563950.xml,PMC,xml,ok,
PMC7378053,32703964.0,downloaded_papers/PMC7378053.xml,PMC,xml,ok,
PMC6361378,29900695.0,downloaded_papers/PMC6361378.xml,PMC,xml,ok,
PMC5286880,27974560.0,downloaded_papers/PMC5286880.xml,PMC,xml,ok,
PMC7378053,32703964.0,downloaded_papers/PMC7378053.xml,PMC,xml,ok,
,30389858.0,,,,failed,PMCID conversion failed; No OA via PMC/Europe PMC.
PMC6092567,30135684.0,downloaded_papers/PMC6092567.xml,PMC,xml,ok,
PMC6238751,30385711.0,downloaded_papers/PMC6238751.xml,PMC,xml,ok,
PMC6916123,29993333.0,downloaded_papers/PMC6916123.xml,PMC,xml,ok,
PMC6410818,30787190.0,downloaded_papers/PMC6410818.xml,PMC,xml,ok,
PMC6336883,30655507.0,downloaded_papers/PMC6336883.xml,PMC,xml,ok,
PMC6604150,31262321.0,downloaded_papers/PMC6604150.xml,PMC,xml,ok,
PMC6205793,30373633.0,downloaded_papers/PMC6205793.xml,PMC,xml,ok,
PMC6306333,30448228.0,downloaded_papers/PMC6306333.xml,PMC,xml,ok,
PMC6550082,30952696.0,downloaded_papers/PMC6550082.xml,PMC,xml,ok,
PMC6302407,30572819.0,downloaded_papers/PMC6302407.xml,PMC,xml,ok,
PMC6154871,30100398.0,downloaded_papers/PMC6154871.xml,PMC,xml,ok,
PMC6326833,30033120.0,downloaded_papers/PMC6326833.xml,PMC,xml,ok,
PMC7116578,30651639.0,downloaded_papers/PMC7116578.xml,PMC,xml,ok,
PMC4107681,30455454.0,downloaded_papers/PMC4107681.xml,PMC,xml,ok,
PMC6326833,30033120.0,downloaded_papers/PMC6326833.xml,PMC,xml,ok,
PMC5992522,29748167.0,downloaded_papers/PMC5992522.xml,PMC,xml,ok,
PMC6067684,30063711.0,downloaded_papers/PMC6067684.xml,PMC,xml,ok,
PMC11785586,38402947.0,downloaded_papers/PMC11785586.xml,PMC,xml,ok,
PMC11785586,38402947.0,downloaded_papers/PMC11785586.xml,PMC,xml,ok,
PMC11785586,38402947.0,downloaded_papers/PMC11785586.xml,PMC,xml,ok,
PMC5992522,29748167.0,downloaded_papers/PMC5992522.xml,PMC,xml,ok,
PMC10985329,38566989.0,downloaded_papers/PMC10985329.xml,PMC,xml,ok,
,38127956.0,,,,failed,PMCID conversion failed; No OA via PMC/Europe PMC.
PMC10861470,38346980.0,downloaded_papers/PMC10861470.xml,PMC,xml,ok,
PMC10960817,38521877.0,downloaded_papers/PMC10960817.xml,PMC,xml,ok,
PMC10691776,38039359.0,downloaded_papers/PMC10691776.xml,PMC,xml,ok,
PMC10885870,38404366.0,downloaded_papers/PMC10885870.xml,PMC,xml,ok,
PMC11488584,39430245.0,downloaded_papers/PMC11488584.xml,PMC,xml,ok,
PMC10418709,37569800.0,downloaded_papers/PMC10418709.xml,PMC,xml,ok,
PMC11180965,37561875.0,downloaded_papers/PMC11180965.xml,PMC,xml,ok,
PMC10359315,37474547.0,downloaded_papers/PMC10359315.xml,PMC,xml,ok,
PMC10501909,37563227.0,downloaded_papers/PMC10501909.xml,PMC,xml,ok,
PMC10491779,37684223.0,downloaded_papers/PMC10491779.xml,PMC,xml,ok,
PMC10791636,38228612.0,downloaded_papers/PMC10791636.xml,PMC,xml,ok,
PMC10791636,38228612.0,downloaded_papers/PMC10791636.xml,PMC,xml,ok,
,38243114.0,,,,failed,PMCID conversion failed; No OA via PMC/Europe PMC.
PMC10584374,37737576.0,downloaded_papers/PMC10584374.xml,PMC,xml,ok,
PMC10791636,38228612.0,downloaded_papers/PMC10791636.xml,PMC,xml,ok,
PMC10020559,36928215.0,downloaded_papers/PMC10020559.xml,PMC,xml,ok,
PMC10110493,36607602.0,downloaded_papers/PMC10110493.xml,PMC,xml,ok,
PMC10104784,37024684.0,downloaded_papers/PMC10104784.xml,PMC,xml,ok,
PMC10110493,36607602.0,downloaded_papers/PMC10110493.xml,PMC,xml,ok,
PMC10104784,37024684.0,downloaded_papers/PMC10104784.xml,PMC,xml,ok,
PMC9946687,36599348.0,downloaded_papers/PMC9946687.xml,PMC,xml,ok,
PMC10104784,37024684.0,downloaded_papers/PMC10104784.xml,PMC,xml,ok,
PMC10166166,37155315.0,downloaded_papers/PMC10166166.xml,PMC,xml,ok,
,36127406.0,,,,failed,PMCID conversion failed; No OA via PMC/Europe PMC.
,36130519.0,,,,failed,PMCID conversion failed; No OA via PMC/Europe PMC.
PMC10104784,37024684.0,downloaded_papers/PMC10104784.xml,PMC,xml,ok,
PMC9669397,36270280.0,downloaded_papers/PMC9669397.xml,PMC,xml,ok,
PMC9669397,36270280.0,downloaded_papers/PMC9669397.xml,PMC,xml,ok,
PMC9584334,36154271.0,downloaded_papers/PMC9584334.xml,PMC,xml,ok,
PMC10820817,38112206.0,downloaded_papers/PMC10820817.xml,PMC,xml,ok,
PMC11717366,39612469.0,downloaded_papers/PMC11717366.xml,PMC,xml,ok,
PMC11717366,39612469.0,downloaded_papers/PMC11717366.xml,PMC,xml,ok,
PMC8943056,35322081.0,downloaded_papers/PMC8943056.xml,PMC,xml,ok,
PMC10446824,37610425.0,downloaded_papers/PMC10446824.xml,PMC,xml,ok,
PMC9203278,35697783.0,downloaded_papers/PMC9203278.xml,PMC,xml,ok,
PMC9203278,35697783.0,downloaded_papers/PMC9203278.xml,PMC,xml,ok,
PMC9323019,35796428.0,downloaded_papers/PMC9323019.xml,PMC,xml,ok,
PMC10104784,37024684.0,downloaded_papers/PMC10104784.xml,PMC,xml,ok,
PMC8979981,35379811.0,downloaded_papers/PMC8979981.xml,PMC,xml,ok,
PMC8763053,34992147.0,downloaded_papers/PMC8763053.xml,PMC,xml,ok,
PMC8763053,34992147.0,downloaded_papers/PMC8763053.xml,PMC,xml,ok,
PMC9492781,36130949.0,downloaded_papers/PMC9492781.xml,PMC,xml,ok,
,33991488.0,,,,failed,PMCID conversion failed; No OA via PMC/Europe PMC.
PMC8093761,33959635.0,downloaded_papers/PMC8093761.xml,PMC,xml,ok,
PMC7855285,32721520.0,downloaded_papers/PMC7855285.xml,PMC,xml,ok,
PMC8302681,34301937.0,downloaded_papers/PMC8302681.xml,PMC,xml,ok,
PMC8366450,34009729.0,downloaded_papers/PMC8366450.xml,PMC,xml,ok,
PMC10700137,38030723.0,downloaded_papers/PMC10700137.xml,PMC,xml,ok,
PMC8139321,34025588.0,downloaded_papers/PMC8139321.xml,PMC,xml,ok,
PMC8462886,34559564.0,downloaded_papers/PMC8462886.xml,PMC,xml,ok,
,31067460.0,,,,failed,PMCID conversion failed; No OA via PMC/Europe PMC.
PMC6505447,30989206.0,downloaded_papers/PMC6505447.xml,PMC,xml,ok,
PMC6734492,30299501.0,downloaded_papers/PMC6734492.xml,PMC,xml,ok,
PMC6561721,31031139.0,downloaded_papers/PMC6561721.xml,PMC,xml,ok,
PMC6450627,30951545.0,downloaded_papers/PMC6450627.xml,PMC,xml,ok,
PMC6501552,31110514.0,downloaded_papers/PMC6501552.xml,PMC,xml,ok,
PMC6541682,30972518.0,downloaded_papers/PMC6541682.xml,PMC,xml,ok,
PMC6450627,30951545.0,downloaded_papers/PMC6450627.xml,PMC,xml,ok,
PMC6664818,30606806.0,downloaded_papers/PMC6664818.xml,PMC,xml,ok,
PMC6404589,30521381.0,downloaded_papers/PMC6404589.xml,PMC,xml,ok,
,30312585.0,,,,failed,PMCID conversion failed; No OA via PMC/Europe PMC.
PMC6269440,29618777.0,downloaded_papers/PMC6269440.xml,PMC,xml,ok,
PMC6664818,30606806.0,downloaded_papers/PMC6664818.xml,PMC,xml,ok,
PMC6337702,30239726.0,downloaded_papers/PMC6337702.xml,PMC,xml,ok,
PMC6195505,30341336.0,downloaded_papers/PMC6195505.xml,PMC,xml,ok,
PMC6745498,31424120.0,downloaded_papers/PMC6745498.xml,PMC,xml,ok,
,30791861.0,,,,failed,PMCID conversion failed; No OA via PMC/Europe PMC.
PMC6317432,30202865.0,downloaded_papers/PMC6317432.xml,PMC,xml,ok,
PMC6134011,30206204.0,downloaded_papers/PMC6134011.xml,PMC,xml,ok,
PMC6170800,30306765.0,downloaded_papers/PMC6170800.xml,PMC,xml,ok,
PMC6599230,31253109.0,downloaded_papers/PMC6599230.xml,PMC,xml,ok,
PMC6166974,30231016.0,downloaded_papers/PMC6166974.xml,PMC,xml,ok,
PMC6166974,30231016.0,downloaded_papers/PMC6166974.xml,PMC,xml,ok,
PMC6166974,30231016.0,downloaded_papers/PMC6166974.xml,PMC,xml,ok,
PMC6092984,30078556.0,downloaded_papers/PMC6092984.xml,PMC,xml,ok,
,30323188.0,,,,failed,PMCID conversion failed; No OA via PMC/Europe PMC.
PMC6182654,30091044.0,downloaded_papers/PMC6182654.xml,PMC,xml,ok,
PMC6191930,29791872.0,downloaded_papers/PMC6191930.xml,PMC,xml,ok,
PMC5922286,29515027.0,downloaded_papers/PMC5922286.xml,PMC,xml,ok,
PMC8189436,33957081.0,downloaded_papers/PMC8189436.xml,PMC,xml,ok,
PMC5899959,29272857.0,downloaded_papers/PMC5899959.xml,PMC,xml,ok,
PMC5899959,29272857.0,downloaded_papers/PMC5899959.xml,PMC,xml,ok,
PMC6109360,30143027.0,downloaded_papers/PMC6109360.xml,PMC,xml,ok,
PMC5998911,29576538.0,downloaded_papers/PMC5998911.xml,PMC,xml,ok,
,29720634.0,,,,failed,PMCID conversion failed; No OA via PMC/Europe PMC.
PMC10575574,37842081.0,downloaded_papers/PMC10575574.xml,PMC,xml,ok,
,30840884.0,,,,failed,PMCID conversion failed; No OA via PMC/Europe PMC.
PMC10489955,37682722.0,downloaded_papers/PMC10489955.xml,PMC,xml,ok,
PMC10453333,37626882.0,downloaded_papers/PMC10453333.xml,PMC,xml,ok,
,37699390.0,,,,failed,PMCID conversion failed; No OA via PMC/Europe PMC.
PMC10724456,37694817.0,downloaded_papers/PMC10724456.xml,PMC,xml,ok,
PMC10666664,37612507.0,downloaded_papers/PMC10666664.xml,PMC,xml,ok,
,37748369.0,,,,failed,PMCID conversion failed; No OA via PMC/Europe PMC.
,37699390.0,,,,failed,PMCID conversion failed; No OA via PMC/Europe PMC.
,37699390.0,,,,failed,PMCID conversion failed; No OA via PMC/Europe PMC.
PMC11551428,39475633.0,downloaded_papers/PMC11551428.xml,PMC,xml,ok,
PMC10682975,37695302.0,downloaded_papers/PMC10682975.xml,PMC,xml,ok,
PMC11290322,38917790.0,downloaded_papers/PMC11290322.xml,PMC,xml,ok,
PMC11290322,38917790.0,downloaded_papers/PMC11290322.xml,PMC,xml,ok,
PMC11212735,38941464.0,downloaded_papers/PMC11212735.xml,PMC,xml,ok,
PMC11212735,38941464.0,downloaded_papers/PMC11212735.xml,PMC,xml,ok,
PMC10864176,38267607.0,downloaded_papers/PMC10864176.xml,PMC,xml,ok,
PMC10849971,38092041.0,downloaded_papers/PMC10849971.xml,PMC,xml,ok,
PMC10864176,38267607.0,downloaded_papers/PMC10864176.xml,PMC,xml,ok,
PMC10742386,38085778.0,downloaded_papers/PMC10742386.xml,PMC,xml,ok,
PMC10333575,37440923.0,downloaded_papers/PMC10333575.xml,PMC,xml,ok,
PMC10267411,37325564.0,downloaded_papers/PMC10267411.xml,PMC,xml,ok,
PMC10333575,37440923.0,downloaded_papers/PMC10333575.xml,PMC,xml,ok,
PMC10333575,37440923.0,downloaded_papers/PMC10333575.xml,PMC,xml,ok,
PMC9934066,36626551.0,downloaded_papers/PMC9934066.xml,PMC,xml,ok,
PMC6082907,30042384.0,downloaded_papers/PMC6082907.xml,PMC,xml,ok,
PMC10267411,37325564.0,downloaded_papers/PMC10267411.xml,PMC,xml,ok,
PMC10267411,37325564.0,downloaded_papers/PMC10267411.xml,PMC,xml,ok,
PMC10157472,37152295.0,downloaded_papers/PMC10157472.xml,PMC,xml,ok,
PMC10330249,37195197.0,downloaded_papers/PMC10330249.xml,PMC,xml,ok,
PMC10916932,38052213.0,downloaded_papers/PMC10916932.xml,PMC,xml,ok,
PMC10026949,35776660.0,downloaded_papers/PMC10026949.xml,PMC,xml,ok,
PMC10179098,37175790.0,downloaded_papers/PMC10179098.xml,PMC,xml,ok,
PMC10026949,35776660.0,downloaded_papers/PMC10026949.xml,PMC,xml,ok,
,35020896.0,,,,failed,PMCID conversion failed; No OA via PMC/Europe PMC.
PMC8724430,34992598.0,downloaded_papers/PMC8724430.xml,PMC,xml,ok,
PMC10152924,37019170.0,downloaded_papers/PMC10152924.xml,PMC,xml,ok,
PMC8904600,35260583.0,downloaded_papers/PMC8904600.xml,PMC,xml,ok,
PMC9106330,35486098.0,downloaded_papers/PMC9106330.xml,PMC,xml,ok,
PMC9462488,35993366.0,downloaded_papers/PMC9462488.xml,PMC,xml,ok,
PMC8632620,34867824.0,downloaded_papers/PMC8632620.xml,PMC,xml,ok,
PMC8632620,34867824.0,downloaded_papers/PMC8632620.xml,PMC,xml,ok,
PMC8488167,34616727.0,downloaded_papers/PMC8488167.xml,PMC,xml,ok,
,34741805.0,,,,failed,PMCID conversion failed; No OA via PMC/Europe PMC.
PMC8488167,34616727.0,downloaded_papers/PMC8488167.xml,PMC,xml,ok,
PMC8817049,35121757.0,downloaded_papers/PMC8817049.xml,PMC,xml,ok,
PMC8460760,34567059.0,downloaded_papers/PMC8460760.xml,PMC,xml,ok,
PMC8468108,34575858.0,downloaded_papers/PMC8468108.xml,PMC,xml,ok,
PMC8460760,34567059.0,downloaded_papers/PMC8460760.xml,PMC,xml,ok,
PMC8451157,34538263.0,downloaded_papers/PMC8451157.xml,PMC,xml,ok,
PMC8857816,35180876.0,downloaded_papers/PMC8857816.xml,PMC,xml,ok,
PMC8857816,35180876.0,downloaded_papers/PMC8857816.xml,PMC,xml,ok,
PMC8589964,34773076.0,downloaded_papers/PMC8589964.xml,PMC,xml,ok,
PMC8791832,34856602.0,downloaded_papers/PMC8791832.xml,PMC,xml,ok,
PMC3439153,22955616.0,downloaded_papers/PMC3439153.xml,PMC,xml,ok,
PMC3439153,22955616.0,downloaded_papers/PMC3439153.xml,PMC,xml,ok,
PMC7438493,32814763.0,downloaded_papers/PMC7438493.xml,PMC,xml,ok,
PMC3439153,22955616.0,downloaded_papers/PMC3439153.xml,PMC,xml,ok,
PMC3439153,22955616.0,downloaded_papers/PMC3439153.xml,PMC,xml,ok,
PMC3439153,22955616.0,downloaded_papers/PMC3439153.xml,PMC,xml,ok,
PMC3439153,22955616.0,downloaded_papers/PMC3439153.xml,PMC,xml,ok,
PMC3439153,22955616.0,downloaded_papers/PMC3439153.xml,PMC,xml,ok,
PMC3439153,22955616.0,downloaded_papers/PMC3439153.xml,PMC,xml,ok,
PMC3439153,22955616.0,downloaded_papers/PMC3439153.xml,PMC,xml,ok,
PMC9984561,36879800.0,downloaded_papers/PMC9984561.xml,PMC,xml,ok,
PMC3439153,22955616.0,downloaded_papers/PMC3439153.xml,PMC,xml,ok,
,34010503.0,,,,failed,PMCID conversion failed; No OA via PMC/Europe PMC.
PMC8218877,34168655.0,downloaded_papers/PMC8218877.xml,PMC,xml,ok,
PMC8965019,35372436.0,downloaded_papers/PMC8965019.xml,PMC,xml,ok,
PMC11699622,39759022.0,downloaded_papers/PMC11699622.xml,PMC,xml,ok,
PMC8239309,34211475.0,downloaded_papers/PMC8239309.xml,PMC,xml,ok,
PMC8073098,33923747.0,downloaded_papers/PMC8073098.xml,PMC,xml,ok,
PMC8242011,34188052.0,downloaded_papers/PMC8242011.xml,PMC,xml,ok,
PMC8481124,34400844.0,downloaded_papers/PMC8481124.xml,PMC,xml,ok,
PMC10193302,37137875.0,downloaded_papers/PMC10193302.xml,PMC,xml,ok,
PMC8084634,33969332.0,downloaded_papers/PMC8084634.xml,PMC,xml,ok,
PMC8920898,35288709.0,downloaded_papers/PMC8920898.xml,PMC,xml,ok,
PMC8390504,34446708.0,downloaded_papers/PMC8390504.xml,PMC,xml,ok,
PMC8390504,34446708.0,downloaded_papers/PMC8390504.xml,PMC,xml,ok,
PMC8187647,34103526.0,downloaded_papers/PMC8187647.xml,PMC,xml,ok,
,33831365.0,,,,failed,PMCID conversion failed; No OA via PMC/Europe PMC.
PMC7959495,33087576.0,downloaded_papers/PMC7959495.xml,PMC,xml,ok,
PMC8112763,33693820.0,downloaded_papers/PMC8112763.xml,PMC,xml,ok,
PMC8176687,34082698.0,downloaded_papers/PMC8176687.xml,PMC,xml,ok,
,33831365.0,,,,failed,PMCID conversion failed; No OA via PMC/Europe PMC.
PMC7551156,32911797.0,downloaded_papers/PMC7551156.xml,PMC,xml,ok,
PMC7496281,32697413.0,downloaded_papers/PMC7496281.xml,PMC,xml,ok,
,33831365.0,,,,failed,PMCID conversion failed; No OA via PMC/Europe PMC.
PMC7555686,32899450.0,downloaded_papers/PMC7555686.xml,PMC,xml,ok,
PMC7790119,32954824.0,downloaded_papers/PMC7790119.xml,PMC,xml,ok,
PMC7555686,32899450.0,downloaded_papers/PMC7555686.xml,PMC,xml,ok,
PMC8112023,32891007.0,downloaded_papers/PMC8112023.xml,PMC,xml,ok,
PMC7455715,32859943.0,downloaded_papers/PMC7455715.xml,PMC,xml,ok,
PMC7710306,33208556.0,downloaded_papers/PMC7710306.xml,PMC,xml,ok,
PMC7455715,32859943.0,downloaded_papers/PMC7455715.xml,PMC,xml,ok,
,32937244.0,,,,failed,PMCID conversion failed; No OA via PMC/Europe PMC.
PMC8572005,34557907.0,downloaded_papers/PMC8572005.xml,PMC,xml,ok,
,32483591.0,,,,failed,PMCID conversion failed; No OA via PMC/Europe PMC.
PMC7500358,32983644.0,downloaded_papers/PMC7500358.xml,PMC,xml,ok,
PMC7571453,32772088.0,downloaded_papers/PMC7571453.xml,PMC,xml,ok,
PMC7903623,33627134.0,downloaded_papers/PMC7903623.xml,PMC,xml,ok,
PMC7943190,33522483.0,downloaded_papers/PMC7943190.xml,PMC,xml,ok,
PMC8751640,34963058.0,downloaded_papers/PMC8751640.xml,PMC,xml,ok,
PMC7571453,32772088.0,downloaded_papers/PMC7571453.xml,PMC,xml,ok,
PMC7500358,32983644.0,downloaded_papers/PMC7500358.xml,PMC,xml,ok,
PMC7338483,32695113.0,downloaded_papers/PMC7338483.xml,PMC,xml,ok,
PMC7552739,33117805.0,downloaded_papers/PMC7552739.xml,PMC,xml,ok,
,37722965.0,,,,failed,PMCID conversion failed; No OA via PMC/Europe PMC.
PMC8751640,34963058.0,downloaded_papers/PMC8751640.xml,PMC,xml,ok,
PMC8965606,35372533.0,downloaded_papers/PMC8965606.xml,PMC,xml,ok,
PMC7415599,32690654.0,downloaded_papers/PMC7415599.xml,PMC,xml,ok,
PMC7363941,32619492.0,downloaded_papers/PMC7363941.xml,PMC,xml,ok,
PMC7279523,32443673.0,downloaded_papers/PMC7279523.xml,PMC,xml,ok,
PMC9457323,36037374.0,downloaded_papers/PMC9457323.xml,PMC,xml,ok,
PMC7363941,32619492.0,downloaded_papers/PMC7363941.xml,PMC,xml,ok,
PMC7363941,32619492.0,downloaded_papers/PMC7363941.xml,PMC,xml,ok,
PMC7396155,32640239.0,downloaded_papers/PMC7396155.xml,PMC,xml,ok,
,38146648.0,,,,failed,PMCID conversion failed; No OA via PMC/Europe PMC.
PMC11227973,38584493.0,downloaded_papers/PMC11227973.xml,PMC,xml,ok,
PMC11442028,39028280.0,downloaded_papers/PMC11442028.xml,PMC,xml,ok,
PMC11270594,39042188.0,downloaded_papers/PMC11270594.xml,PMC,xml,ok,
PMC11286941,39075094.0,downloaded_papers/PMC11286941.xml,PMC,xml,ok,
PMC11190739,38912065.0,downloaded_papers/PMC11190739.xml,PMC,xml,ok,
PMC11402524,38857377.0,downloaded_papers/PMC11402524.xml,PMC,xml,ok,
,38265934.0,,,,failed,PMCID conversion failed; No OA via PMC/Europe PMC.
PMC10671464,38003633.0,downloaded_papers/PMC10671464.xml,PMC,xml,ok,
PMC11244995,39005325.0,downloaded_papers/PMC11244995.xml,PMC,xml,ok,
PMC10895349,38346193.0,downloaded_papers/PMC10895349.xml,PMC,xml,ok,
PMC10895349,38346193.0,downloaded_papers/PMC10895349.xml,PMC,xml,ok,
PMC10794370,38160208.0,downloaded_papers/PMC10794370.xml,PMC,xml,ok,
PMC10897426,38409226.0,downloaded_papers/PMC10897426.xml,PMC,xml,ok,
PMC11139480,38813868.0,downloaded_papers/PMC11139480.xml,PMC,xml,ok,
PMC10957302,38266980.0,downloaded_papers/PMC10957302.xml,PMC,xml,ok,
PMC10861538,38346993.0,downloaded_papers/PMC10861538.xml,PMC,xml,ok,
PMC10861538,38346993.0,downloaded_papers/PMC10861538.xml,PMC,xml,ok,
PMC10804907,38226444.0,downloaded_papers/PMC10804907.xml,PMC,xml,ok,
PMC10859461,38348224.0,downloaded_papers/PMC10859461.xml,PMC,xml,ok,
PMC10761037,37584546.0,downloaded_papers/PMC10761037.xml,PMC,xml,ok,
PMC11094392,38271627.0,downloaded_papers/PMC11094392.xml,PMC,xml,ok,
PMC10761037,37584546.0,downloaded_papers/PMC10761037.xml,PMC,xml,ok,
PMC10876648,38374152.0,downloaded_papers/PMC10876648.xml,PMC,xml,ok,
PMC10761037,37584546.0,downloaded_papers/PMC10761037.xml,PMC,xml,ok,
PMC9338297,35906236.0,downloaded_papers/PMC9338297.xml,PMC,xml,ok,
PMC10794710,38233381.0,downloaded_papers/PMC10794710.xml,PMC,xml,ok,
,37310899.0,,,,failed,PMCID conversion failed; No OA via PMC/Europe PMC.
PMC10957302,38266980.0,downloaded_papers/PMC10957302.xml,PMC,xml,ok,
PMC11208764,38939173.0,downloaded_papers/PMC11208764.xml,PMC,xml,ok,
PMC11237841,38994356.0,downloaded_papers/PMC11237841.xml,PMC,xml,ok,
PMC10171947,36803114.0,downloaded_papers/PMC10171947.xml,PMC,xml,ok,
PMC10250217,36864754.0,downloaded_papers/PMC10250217.xml,PMC,xml,ok,
PMC10250217,36864754.0,downloaded_papers/PMC10250217.xml,PMC,xml,ok,
PMC10724456,37694817.0,downloaded_papers/PMC10724456.xml,PMC,xml,ok,
PMC9691736,36424495.0,downloaded_papers/PMC9691736.xml,PMC,xml,ok,
PMC9978031,36859534.0,downloaded_papers/PMC9978031.xml,PMC,xml,ok,
PMC9848479,36652512.0,downloaded_papers/PMC9848479.xml,PMC,xml,ok,
PMC10803796,38253551.0,downloaded_papers/PMC10803796.xml,PMC,xml,ok,
PMC10074076,36847616.0,downloaded_papers/PMC10074076.xml,PMC,xml,ok,
PMC9035786,35478970.0,downloaded_papers/PMC9035786.xml,PMC,xml,ok,
PMC10724456,37694817.0,downloaded_papers/PMC10724456.xml,PMC,xml,ok,
PMC9160264,35508506.0,downloaded_papers/PMC9160264.xml,PMC,xml,ok,
PMC9160264,35508506.0,downloaded_papers/PMC9160264.xml,PMC,xml,ok,
PMC11485214,39294373.0,downloaded_papers/PMC11485214.xml,PMC,xml,ok,
PMC9136997,35523141.0,downloaded_papers/PMC9136997.xml,PMC,xml,ok,
PMC10081686,36853788.0,downloaded_papers/PMC10081686.xml,PMC,xml,ok,
PMC6335625,30239759.0,downloaded_papers/PMC6335625.xml,PMC,xml,ok,
PMC9170153,35476513.0,downloaded_papers/PMC9170153.xml,PMC,xml,ok,
PMC10113160,37012406.0,downloaded_papers/PMC10113160.xml,PMC,xml,ok,
PMC8712873,34970543.0,downloaded_papers/PMC8712873.xml,PMC,xml,ok,
PMC9205865,35715410.0,downloaded_papers/PMC9205865.xml,PMC,xml,ok,
PMC9057621,35393955.0,downloaded_papers/PMC9057621.xml,PMC,xml,ok,
PMC9105363,35562897.0,downloaded_papers/PMC9105363.xml,PMC,xml,ok,
,35948000.0,,,,failed,PMCID conversion failed; No OA via PMC/Europe PMC.
PMC6857182,34140680.0,downloaded_papers/PMC6857182.xml,PMC,xml,ok,
PMC9047282,35477570.0,downloaded_papers/PMC9047282.xml,PMC,xml,ok,
PMC9090837,35538076.0,downloaded_papers/PMC9090837.xml,PMC,xml,ok,
PMC9014288,35444558.0,downloaded_papers/PMC9014288.xml,PMC,xml,ok,
PMC9324934,35596682.0,downloaded_papers/PMC9324934.xml,PMC,xml,ok,
PMC9174176,35672317.0,downloaded_papers/PMC9174176.xml,PMC,xml,ok,
PMC8854499,35185911.0,downloaded_papers/PMC8854499.xml,PMC,xml,ok,
PMC11941970,40141187.0,downloaded_papers/PMC11941970.xml,PMC,xml,ok,
PMC8772846,35052729.0,downloaded_papers/PMC8772846.xml,PMC,xml,ok,
PMC8941983,35235788.0,downloaded_papers/PMC8941983.xml,PMC,xml,ok,
PMC8559528,34647996.0,downloaded_papers/PMC8559528.xml,PMC,xml,ok,
PMC8941983,35235788.0,downloaded_papers/PMC8941983.xml,PMC,xml,ok,
PMC8600092,34438112.0,downloaded_papers/PMC8600092.xml,PMC,xml,ok,
PMC10507630,36443520.0,downloaded_papers/PMC10507630.xml,PMC,xml,ok,
,34519223.0,,,,failed,PMCID conversion failed; No OA via PMC/Europe PMC.
PMC8403268,33784241.0,downloaded_papers/PMC8403268.xml,PMC,xml,ok,
PMC8557419,34320657.0,downloaded_papers/PMC8557419.xml,PMC,xml,ok,
PMC8452070,34495952.0,downloaded_papers/PMC8452070.xml,PMC,xml,ok,
PMC9290310,35843975.0,downloaded_papers/PMC9290310.xml,PMC,xml,ok,
PMC8941983,35235788.0,downloaded_papers/PMC8941983.xml,PMC,xml,ok,
PMC8406333,34399615.0,downloaded_papers/PMC8406333.xml,PMC,xml,ok,
PMC8306922,34299281.0,downloaded_papers/PMC8306922.xml,PMC,xml,ok,
,31621828.0,,,,failed,PMCID conversion failed; No OA via PMC/Europe PMC.
PMC8713293,34748230.0,downloaded_papers/PMC8713293.xml,PMC,xml,ok,
PMC8346206,34367171.0,downloaded_papers/PMC8346206.xml,PMC,xml,ok,
PMC6829352,31658584.0,downloaded_papers/PMC6829352.xml,PMC,xml,ok,
PMC8617511,34782458.0,downloaded_papers/PMC8617511.xml,PMC,xml,ok,
PMC8377058,34413299.0,downloaded_papers/PMC8377058.xml,PMC,xml,ok,
PMC8930865,35061207.0,downloaded_papers/PMC8930865.xml,PMC,xml,ok,
PMC6829352,31658584.0,downloaded_papers/PMC6829352.xml,PMC,xml,ok,
PMC8534818,34685690.0,downloaded_papers/PMC8534818.xml,PMC,xml,ok,
PMC6855469,31725741.0,downloaded_papers/PMC6855469.xml,PMC,xml,ok,
PMC6737984,31391163.0,downloaded_papers/PMC6737984.xml,PMC,xml,ok,
PMC6737984,31391163.0,downloaded_papers/PMC6737984.xml,PMC,xml,ok,
PMC7358312,32733887.0,downloaded_papers/PMC7358312.xml,PMC,xml,ok,
PMC6744420,31519912.0,downloaded_papers/PMC6744420.xml,PMC,xml,ok,
PMC6827284,31519749.0,downloaded_papers/PMC6827284.xml,PMC,xml,ok,
PMC6907081,31645761.0,downloaded_papers/PMC6907081.xml,PMC,xml,ok,
PMC6907081,31645761.0,downloaded_papers/PMC6907081.xml,PMC,xml,ok,
,29396902.0,,,,failed,PMCID conversion failed; No OA via PMC/Europe PMC.
PMC6609606,31273257.0,downloaded_papers/PMC6609606.xml,PMC,xml,ok,
PMC6634971,31241463.0,downloaded_papers/PMC6634971.xml,PMC,xml,ok,
,29686265.0,,,,failed,PMCID conversion failed; No OA via PMC/Europe PMC.
PMC8920898,35288709.0,downloaded_papers/PMC8920898.xml,PMC,xml,ok,
PMC6860989,31738164.0,downloaded_papers/PMC6860989.xml,PMC,xml,ok,
PMC7502669,32680723.0,downloaded_papers/PMC7502669.xml,PMC,xml,ok,
PMC5946202,29597262.0,downloaded_papers/PMC5946202.xml,PMC,xml,ok,
PMC5946202,29597262.0,downloaded_papers/PMC5946202.xml,PMC,xml,ok,
,29768178.0,,,,failed,PMCID conversion failed; No OA via PMC/Europe PMC.
,29686265.0,,,,failed,PMCID conversion failed; No OA via PMC/Europe PMC.
PMC6124543,29540503.0,downloaded_papers/PMC6124543.xml,PMC,xml,ok,
PMC5833042,29507646.0,downloaded_papers/PMC5833042.xml,PMC,xml,ok,
PMC5159983,28018572.0,downloaded_papers/PMC5159983.xml,PMC,xml,ok,
PMC11143174,38819479.0,downloaded_papers/PMC11143174.xml,PMC,xml,ok,
PMC5951795,29463899.0,downloaded_papers/PMC5951795.xml,PMC,xml,ok,
PMC11071483,38712302.0,downloaded_papers/PMC11071483.xml,PMC,xml,ok,
PMC11071483,38712302.0,downloaded_papers/PMC11071483.xml,PMC,xml,ok,
PMC11071483,38712302.0,downloaded_papers/PMC11071483.xml,PMC,xml,ok,
PMC12212129,40221000.0,downloaded_papers/PMC12212129.xml,PMC,xml,ok,
PMC11047652,38671859.0,downloaded_papers/PMC11047652.xml,PMC,xml,ok,
PMC11077729,38715090.0,downloaded_papers/PMC11077729.xml,PMC,xml,ok,
PMC11084495,38731997.0,downloaded_papers/PMC11084495.xml,PMC,xml,ok,
PMC10791636,38228612.0,downloaded_papers/PMC10791636.xml,PMC,xml,ok,
PMC7071599,32171242.0,downloaded_papers/PMC7071599.xml,PMC,xml,ok,
PMC10620050,37532519.0,downloaded_papers/PMC10620050.xml,PMC,xml,ok,
PMC11032714,37994669.0,downloaded_papers/PMC11032714.xml,PMC,xml,ok,
PMC11168926,38839950.0,downloaded_papers/PMC11168926.xml,PMC,xml,ok,
PMC10250329,37291192.0,downloaded_papers/PMC10250329.xml,PMC,xml,ok,
PMC10950030,37146606.0,downloaded_papers/PMC10950030.xml,PMC,xml,ok,
PMC10620050,37532519.0,downloaded_papers/PMC10620050.xml,PMC,xml,ok,
,32548656.0,,,,failed,PMCID conversion failed; No OA via PMC/Europe PMC.
PMC10950030,37146606.0,downloaded_papers/PMC10950030.xml,PMC,xml,ok,
PMC10950030,37146606.0,downloaded_papers/PMC10950030.xml,PMC,xml,ok,
PMC10475046,37660160.0,downloaded_papers/PMC10475046.xml,PMC,xml,ok,
PMC10475046,37660160.0,downloaded_papers/PMC10475046.xml,PMC,xml,ok,
PMC10527005,37423216.0,downloaded_papers/PMC10527005.xml,PMC,xml,ok,
PMC8791832,34856602.0,downloaded_papers/PMC8791832.xml,PMC,xml,ok,
PMC10761876,38167746.0,downloaded_papers/PMC10761876.xml,PMC,xml,ok,
PMC10441531,37436897.0,downloaded_papers/PMC10441531.xml,PMC,xml,ok,
PMC10624351,37922358.0,downloaded_papers/PMC10624351.xml,PMC,xml,ok,
,37905445.0,,,,failed,PMCID conversion failed; No OA via PMC/Europe PMC.
PMC10288560,37307441.0,downloaded_papers/PMC10288560.xml,PMC,xml,ok,
PMC10288560,37307441.0,downloaded_papers/PMC10288560.xml,PMC,xml,ok,
,29686265.0,,,,failed,PMCID conversion failed; No OA via PMC/Europe PMC.
,31830756.0,,,,failed,PMCID conversion failed; No OA via PMC/Europe PMC.
PMC10164164,37149697.0,downloaded_papers/PMC10164164.xml,PMC,xml,ok,
PMC10081206,37034658.0,downloaded_papers/PMC10081206.xml,PMC,xml,ok,
,37437545.0,,,,failed,PMCID conversion failed; No OA via PMC/Europe PMC.
PMC10283428,37078791.0,downloaded_papers/PMC10283428.xml,PMC,xml,ok,
PMC10441531,37436897.0,downloaded_papers/PMC10441531.xml,PMC,xml,ok,
PMC10014956,36918719.0,downloaded_papers/PMC10014956.xml,PMC,xml,ok,
PMC10164554,36951126.0,downloaded_papers/PMC10164554.xml,PMC,xml,ok,
PMC9968694,36695872.0,downloaded_papers/PMC9968694.xml,PMC,xml,ok,
PMC10164554,36951126.0,downloaded_papers/PMC10164554.xml,PMC,xml,ok,
PMC10070852,37025168.0,downloaded_papers/PMC10070852.xml,PMC,xml,ok,
PMC10791636,38228612.0,downloaded_papers/PMC10791636.xml,PMC,xml,ok,
,35567965.0,,,,failed,PMCID conversion failed; No OA via PMC/Europe PMC.
PMC9780362,36550096.0,downloaded_papers/PMC9780362.xml,PMC,xml,ok,
PMC9780362,36550096.0,downloaded_papers/PMC9780362.xml,PMC,xml,ok,
PMC3439153,22955616.0,downloaded_papers/PMC3439153.xml,PMC,xml,ok,
PMC9818809,36611870.0,downloaded_papers/PMC9818809.xml,PMC,xml,ok,
PMC9710884,36449607.0,downloaded_papers/PMC9710884.xml,PMC,xml,ok,
PMC9968986,36638787.0,downloaded_papers/PMC9968986.xml,PMC,xml,ok,
PMC9733393,36482461.0,downloaded_papers/PMC9733393.xml,PMC,xml,ok,
PMC9706704,36458257.0,downloaded_papers/PMC9706704.xml,PMC,xml,ok,
PMC8977095,35319748.0,downloaded_papers/PMC8977095.xml,PMC,xml,ok,
,36398730.0,,,,failed,PMCID conversion failed; No OA via PMC/Europe PMC.
PMC9748866,36622342.0,downloaded_papers/PMC9748866.xml,PMC,xml,ok,
PMC8574979,34747641.0,downloaded_papers/PMC8574979.xml,PMC,xml,ok,
PMC8574979,34747641.0,downloaded_papers/PMC8574979.xml,PMC,xml,ok,
PMC8574979,34747641.0,downloaded_papers/PMC8574979.xml,PMC,xml,ok,
PMC8685669,34876522.0,downloaded_papers/PMC8685669.xml,PMC,xml,ok,
PMC9704805,36441651.0,downloaded_papers/PMC9704805.xml,PMC,xml,ok,
PMC10275723,37332674.0,downloaded_papers/PMC10275723.xml,PMC,xml,ok,
PMC8357231,34380613.0,downloaded_papers/PMC8357231.xml,PMC,xml,ok,
PMC8357231,34380613.0,downloaded_papers/PMC8357231.xml,PMC,xml,ok,
PMC8351967,34370755.0,downloaded_papers/PMC8351967.xml,PMC,xml,ok,
PMC8347496,34360662.0,downloaded_papers/PMC8347496.xml,PMC,xml,ok,
PMC8384995,34429451.0,downloaded_papers/PMC8384995.xml,PMC,xml,ok,
PMC8334858,34368143.0,downloaded_papers/PMC8334858.xml,PMC,xml,ok,
PMC8268225,34238364.0,downloaded_papers/PMC8268225.xml,PMC,xml,ok,
PMC8446284,34540826.0,downloaded_papers/PMC8446284.xml,PMC,xml,ok,
PMC8446284,34540826.0,downloaded_papers/PMC8446284.xml,PMC,xml,ok,
PMC8416064,34484234.0,downloaded_papers/PMC8416064.xml,PMC,xml,ok,
PMC8574979,34747641.0,downloaded_papers/PMC8574979.xml,PMC,xml,ok,
PMC3439153,22955616.0,downloaded_papers/PMC3439153.xml,PMC,xml,ok,
,34197725.0,,,,failed,PMCID conversion failed; No OA via PMC/Europe PMC.
PMC8233037,34170818.0,downloaded_papers/PMC8233037.xml,PMC,xml,ok,
PMC8254942,34217204.0,downloaded_papers/PMC8254942.xml,PMC,xml,ok,
PMC7733460,33311464.0,downloaded_papers/PMC7733460.xml,PMC,xml,ok,
PMC7116618,33361811.0,downloaded_papers/PMC7116618.xml,PMC,xml,ok,
PMC7574562,33081811.0,downloaded_papers/PMC7574562.xml,PMC,xml,ok,
PMC8595698,34785679.0,downloaded_papers/PMC8595698.xml,PMC,xml,ok,
PMC7306800,32482863.0,downloaded_papers/PMC7306800.xml,PMC,xml,ok,
PMC7306800,32482863.0,downloaded_papers/PMC7306800.xml,PMC,xml,ok,
PMC7532633,33008446.0,downloaded_papers/PMC7532633.xml,PMC,xml,ok,
PMC7270082,32493987.0,downloaded_papers/PMC7270082.xml,PMC,xml,ok,
PMC7270082,32493987.0,downloaded_papers/PMC7270082.xml,PMC,xml,ok,
PMC7152979,32308672.0,downloaded_papers/PMC7152979.xml,PMC,xml,ok,
PMC7724466,32442533.0,downloaded_papers/PMC7724466.xml,PMC,xml,ok,
PMC7674172,33224947.0,downloaded_papers/PMC7674172.xml,PMC,xml,ok,
,34793202.0,,,,failed,PMCID conversion failed; No OA via PMC/Europe PMC.
PMC8038597,33916494.0,downloaded_papers/PMC8038597.xml,PMC,xml,ok,
PMC7339546,32631327.0,downloaded_papers/PMC7339546.xml,PMC,xml,ok,
PMC6734938,31123087.0,downloaded_papers/PMC6734938.xml,PMC,xml,ok,
PMC6734938,31123087.0,downloaded_papers/PMC6734938.xml,PMC,xml,ok,
,32184271.0,,,,failed,PMCID conversion failed; No OA via PMC/Europe PMC.
PMC7725958,33298930.0,downloaded_papers/PMC7725958.xml,PMC,xml,ok,
PMC8143248,33045922.0,downloaded_papers/PMC8143248.xml,PMC,xml,ok,
,32065222.0,,,,failed,PMCID conversion failed; No OA via PMC/Europe PMC.
,32306769.0,,,,failed,PMCID conversion failed; No OA via PMC/Europe PMC.
PMC8143248,33045922.0,downloaded_papers/PMC8143248.xml,PMC,xml,ok,
PMC7518706,32056496.0,downloaded_papers/PMC7518706.xml,PMC,xml,ok,
PMC7195362,32358519.0,downloaded_papers/PMC7195362.xml,PMC,xml,ok,
PMC7195362,32358519.0,downloaded_papers/PMC7195362.xml,PMC,xml,ok,
PMC6092567,30135684.0,downloaded_papers/PMC6092567.xml,PMC,xml,ok,
PMC7145904,32308656.0,downloaded_papers/PMC7145904.xml,PMC,xml,ok,
PMC6092567,30135684.0,downloaded_papers/PMC6092567.xml,PMC,xml,ok,
,30642670.0,,,,failed,PMCID conversion failed; No OA via PMC/Europe PMC.
PMC7062471,32048992.0,downloaded_papers/PMC7062471.xml,PMC,xml,ok,
PMC7062471,32048992.0,downloaded_papers/PMC7062471.xml,PMC,xml,ok,
PMC6124577,30026266.0,downloaded_papers/PMC6124577.xml,PMC,xml,ok,
PMC6544436,31012843.0,downloaded_papers/PMC6544436.xml,PMC,xml,ok,
PMC6544436,31012843.0,downloaded_papers/PMC6544436.xml,PMC,xml,ok,
PMC6033450,29975766.0,downloaded_papers/PMC6033450.xml,PMC,xml,ok,
PMC6497049,30787433.0,downloaded_papers/PMC6497049.xml,PMC,xml,ok,
PMC6033450,29975766.0,downloaded_papers/PMC6033450.xml,PMC,xml,ok,
,15161964.0,,,,failed,PMCID conversion failed; No OA via PMC/Europe PMC.
PMC6033450,29975766.0,downloaded_papers/PMC6033450.xml,PMC,xml,ok,
PMC11404176,39286508.0,downloaded_papers/PMC11404176.xml,PMC,xml,ok,
PMC11348239,38923264.0,downloaded_papers/PMC11348239.xml,PMC,xml,ok,
PMC11348239,38923264.0,downloaded_papers/PMC11348239.xml,PMC,xml,ok,
PMC11348239,38923264.0,downloaded_papers/PMC11348239.xml,PMC,xml,ok,
PMC11647102,39223948.0,downloaded_papers/PMC11647102.xml,PMC,xml,ok,
PMC10770955,38183126.0,downloaded_papers/PMC10770955.xml,PMC,xml,ok,
PMC11601510,39605623.0,downloaded_papers/PMC11601510.xml,PMC,xml,ok,
PMC11150133,38217296.0,downloaded_papers/PMC11150133.xml,PMC,xml,ok,
PMC7220988,32302558.0,downloaded_papers/PMC7220988.xml,PMC,xml,ok,
PMC10770955,38183126.0,downloaded_papers/PMC10770955.xml,PMC,xml,ok,
PMC5289048,28148272.0,downloaded_papers/PMC5289048.xml,PMC,xml,ok,
PMC10721256,37815869.0,downloaded_papers/PMC10721256.xml,PMC,xml,ok,
PMC10770955,38183126.0,downloaded_papers/PMC10770955.xml,PMC,xml,ok,
PMC10770955,38183126.0,downloaded_papers/PMC10770955.xml,PMC,xml,ok,
PMC10916932,38052213.0,downloaded_papers/PMC10916932.xml,PMC,xml,ok,
PMC10794710,38233381.0,downloaded_papers/PMC10794710.xml,PMC,xml,ok,
PMC10334808,37406095.0,downloaded_papers/PMC10334808.xml,PMC,xml,ok,
,32214235.0,,,,failed,PMCID conversion failed; No OA via PMC/Europe PMC.
PMC11519894,38965447.0,downloaded_papers/PMC11519894.xml,PMC,xml,ok,
PMC7083921,32198406.0,downloaded_papers/PMC7083921.xml,PMC,xml,ok,
PMC10794710,38233381.0,downloaded_papers/PMC10794710.xml,PMC,xml,ok,
PMC10695431,37399109.0,downloaded_papers/PMC10695431.xml,PMC,xml,ok,
PMC11344061,39179795.0,downloaded_papers/PMC11344061.xml,PMC,xml,ok,
PMC10729866,37740387.0,downloaded_papers/PMC10729866.xml,PMC,xml,ok,
,37831187.0,,,,failed,PMCID conversion failed; No OA via PMC/Europe PMC.
,37707543.0,,,,failed,PMCID conversion failed; No OA via PMC/Europe PMC.
PMC11148015,38760513.0,downloaded_papers/PMC11148015.xml,PMC,xml,ok,
PMC10658977,37986075.0,downloaded_papers/PMC10658977.xml,PMC,xml,ok,
PMC10864176,38267607.0,downloaded_papers/PMC10864176.xml,PMC,xml,ok,
PMC10517537,37740230.0,downloaded_papers/PMC10517537.xml,PMC,xml,ok,
PMC11295039,39052836.0,downloaded_papers/PMC11295039.xml,PMC,xml,ok,
PMC11019952,38451085.0,downloaded_papers/PMC11019952.xml,PMC,xml,ok,
PMC10459118,37630204.0,downloaded_papers/PMC10459118.xml,PMC,xml,ok,
PMC10627460,37930978.0,downloaded_papers/PMC10627460.xml,PMC,xml,ok,
PMC10916932,38052213.0,downloaded_papers/PMC10916932.xml,PMC,xml,ok,
PMC10488081,37686296.0,downloaded_papers/PMC10488081.xml,PMC,xml,ok,
PMC10584686,37673118.0,downloaded_papers/PMC10584686.xml,PMC,xml,ok,
PMC10422694,37577543.0,downloaded_papers/PMC10422694.xml,PMC,xml,ok,
PMC10584686,37673118.0,downloaded_papers/PMC10584686.xml,PMC,xml,ok,
PMC10584686,37673118.0,downloaded_papers/PMC10584686.xml,PMC,xml,ok,
PMC11109257,38007547.0,downloaded_papers/PMC11109257.xml,PMC,xml,ok,
PMC10422694,37577543.0,downloaded_papers/PMC10422694.xml,PMC,xml,ok,
PMC10957479,38438734.0,downloaded_papers/PMC10957479.xml,PMC,xml,ok,
PMC10700137,38030723.0,downloaded_papers/PMC10700137.xml,PMC,xml,ok,
PMC10192030,36987911.0,downloaded_papers/PMC10192030.xml,PMC,xml,ok,
PMC10456680,37623828.0,downloaded_papers/PMC10456680.xml,PMC,xml,ok,
PMC10069462,36806146.0,downloaded_papers/PMC10069462.xml,PMC,xml,ok,
PMC10616712,36822266.0,downloaded_papers/PMC10616712.xml,PMC,xml,ok,
PMC10069462,36806146.0,downloaded_papers/PMC10069462.xml,PMC,xml,ok,
PMC9934486,36824489.0,downloaded_papers/PMC9934486.xml,PMC,xml,ok,
,38096290.0,,,,failed,PMCID conversion failed; No OA via PMC/Europe PMC.
PMC10791636,38228612.0,downloaded_papers/PMC10791636.xml,PMC,xml,ok,
PMC10791636,38228612.0,downloaded_papers/PMC10791636.xml,PMC,xml,ok,
PMC10022812,36930661.0,downloaded_papers/PMC10022812.xml,PMC,xml,ok,
PMC9763427,36535952.0,downloaded_papers/PMC9763427.xml,PMC,xml,ok,
,33625691.0,,,,failed,PMCID conversion failed; No OA via PMC/Europe PMC.
PMC9894182,36442132.0,downloaded_papers/PMC9894182.xml,PMC,xml,ok,
PMC9691736,36424495.0,downloaded_papers/PMC9691736.xml,PMC,xml,ok,
PMC9653480,36371454.0,downloaded_papers/PMC9653480.xml,PMC,xml,ok,
PMC9638416,36353514.0,downloaded_papers/PMC9638416.xml,PMC,xml,ok,
,35622344.0,,,,failed,PMCID conversion failed; No OA via PMC/Europe PMC.
PMC9084524,35476669.0,downloaded_papers/PMC9084524.xml,PMC,xml,ok,
PMC9548121,36209198.0,downloaded_papers/PMC9548121.xml,PMC,xml,ok,
PMC9084524,35476669.0,downloaded_papers/PMC9084524.xml,PMC,xml,ok,
PMC9084524,35476669.0,downloaded_papers/PMC9084524.xml,PMC,xml,ok,
,36155776.0,,,,failed,PMCID conversion failed; No OA via PMC/Europe PMC.
,35732132.0,,,,failed,PMCID conversion failed; No OA via PMC/Europe PMC.
PMC9199136,35705916.0,downloaded_papers/PMC9199136.xml,PMC,xml,ok,
,35732132.0,,,,failed,PMCID conversion failed; No OA via PMC/Europe PMC.
,35732132.0,,,,failed,PMCID conversion failed; No OA via PMC/Europe PMC.
PMC8523170,34487490.0,downloaded_papers/PMC8523170.xml,PMC,xml,ok,
PMC7786258,32997106.0,downloaded_papers/PMC7786258.xml,PMC,xml,ok,
PMC9120449,35589713.0,downloaded_papers/PMC9120449.xml,PMC,xml,ok,
PMC7961010,33723311.0,downloaded_papers/PMC7961010.xml,PMC,xml,ok,
PMC7156023,30611556.0,downloaded_papers/PMC7156023.xml,PMC,xml,ok,
PMC9652110,35717573.0,downloaded_papers/PMC9652110.xml,PMC,xml,ok,
PMC7958375,33649217.0,downloaded_papers/PMC7958375.xml,PMC,xml,ok,
PMC8903835,35256050.0,downloaded_papers/PMC8903835.xml,PMC,xml,ok,
PMC8189439,33831366.0,downloaded_papers/PMC8189439.xml,PMC,xml,ok,
PMC8047118,33869230.0,downloaded_papers/PMC8047118.xml,PMC,xml,ok,
PMC8047118,33869230.0,downloaded_papers/PMC8047118.xml,PMC,xml,ok,
PMC8189439,33831366.0,downloaded_papers/PMC8189439.xml,PMC,xml,ok,
PMC8677818,34916498.0,downloaded_papers/PMC8677818.xml,PMC,xml,ok,
PMC7866107,33513878.0,downloaded_papers/PMC7866107.xml,PMC,xml,ok,
PMC8189439,33831366.0,downloaded_papers/PMC8189439.xml,PMC,xml,ok,
PMC7948510,33556374.0,downloaded_papers/PMC7948510.xml,PMC,xml,ok,
PMC8060949,33446553.0,downloaded_papers/PMC8060949.xml,PMC,xml,ok,
PMC8060949,33446553.0,downloaded_papers/PMC8060949.xml,PMC,xml,ok,
PMC7176671,32321940.0,downloaded_papers/PMC7176671.xml,PMC,xml,ok,
PMC7188669,32203108.0,downloaded_papers/PMC7188669.xml,PMC,xml,ok,
PMC7062805,32194978.0,downloaded_papers/PMC7062805.xml,PMC,xml,ok,
PMC7200942,32371375.0,downloaded_papers/PMC7200942.xml,PMC,xml,ok,
PMC7062805,32194978.0,downloaded_papers/PMC7062805.xml,PMC,xml,ok,
,33139490.0,,,,failed,PMCID conversion failed; No OA via PMC/Europe PMC.
PMC7322865,32594908.0,downloaded_papers/PMC7322865.xml,PMC,xml,ok,
PMC7322865,32594908.0,downloaded_papers/PMC7322865.xml,PMC,xml,ok,
,26105890.0,,,,failed,PMCID conversion failed; No OA via PMC/Europe PMC.
PMC6992589,32038619.0,downloaded_papers/PMC6992589.xml,PMC,xml,ok,
PMC8817049,35121757.0,downloaded_papers/PMC8817049.xml,PMC,xml,ok,
PMC6972755,31965050.0,downloaded_papers/PMC6972755.xml,PMC,xml,ok,
PMC7060676,32071231.0,downloaded_papers/PMC7060676.xml,PMC,xml,ok,
PMC8080798,33390589.0,downloaded_papers/PMC8080798.xml,PMC,xml,ok,
PMC7154656,32020652.0,downloaded_papers/PMC7154656.xml,PMC,xml,ok,
PMC7003458,31937228.0,downloaded_papers/PMC7003458.xml,PMC,xml,ok,
PMC7739187,33344732.0,downloaded_papers/PMC7739187.xml,PMC,xml,ok,
PMC11107807,38684370.0,downloaded_papers/PMC11107807.xml,PMC,xml,ok,
,38069914.0,,,,failed,PMCID conversion failed; No OA via PMC/Europe PMC.
,38069914.0,,,,failed,PMCID conversion failed; No OA via PMC/Europe PMC.
PMC11332349,38771057.0,downloaded_papers/PMC11332349.xml,PMC,xml,ok,
PMC11032714,37994669.0,downloaded_papers/PMC11032714.xml,PMC,xml,ok,
,38643480.0,,,,failed,PMCID conversion failed; No OA via PMC/Europe PMC.
PMC11017118,38206869.0,downloaded_papers/PMC11017118.xml,PMC,xml,ok,
PMC11996048,38811726.0,downloaded_papers/PMC11996048.xml,PMC,xml,ok,
PMC6944695,31934351.0,downloaded_papers/PMC6944695.xml,PMC,xml,ok,
PMC7303132,32555348.0,downloaded_papers/PMC7303132.xml,PMC,xml,ok,
PMC6969411,31952476.0,downloaded_papers/PMC6969411.xml,PMC,xml,ok,
PMC6742226,31513564.0,downloaded_papers/PMC6742226.xml,PMC,xml,ok,
PMC7883308,33378662.0,downloaded_papers/PMC7883308.xml,PMC,xml,ok,
PMC5898618,29505797.0,downloaded_papers/PMC5898618.xml,PMC,xml,ok,
PMC5989318,29167317.0,downloaded_papers/PMC5989318.xml,PMC,xml,ok,
PMC5817967,29351906.0,downloaded_papers/PMC5817967.xml,PMC,xml,ok,
PMC5986204,29610276.0,downloaded_papers/PMC5986204.xml,PMC,xml,ok,
,29545200.0,,,,failed,PMCID conversion failed; No OA via PMC/Europe PMC.
PMC5825847,29361559.0,downloaded_papers/PMC5825847.xml,PMC,xml,ok,
PMC5825847,29361559.0,downloaded_papers/PMC5825847.xml,PMC,xml,ok,
PMC5825847,29361559.0,downloaded_papers/PMC5825847.xml,PMC,xml,ok,
PMC5825847,29361559.0,downloaded_papers/PMC5825847.xml,PMC,xml,ok,
PMC5680205,29123159.0,downloaded_papers/PMC5680205.xml,PMC,xml,ok,
PMC5825838,29361555.0,downloaded_papers/PMC5825838.xml,PMC,xml,ok,
PMC8903835,35256050.0,downloaded_papers/PMC8903835.xml,PMC,xml,ok,
PMC5825847,29361559.0,downloaded_papers/PMC5825847.xml,PMC,xml,ok,
PMC5901389,29279353.0,downloaded_papers/PMC5901389.xml,PMC,xml,ok,
PMC5769539,29335024.0,downloaded_papers/PMC5769539.xml,PMC,xml,ok,
PMC6049088,29305462.0,downloaded_papers/PMC6049088.xml,PMC,xml,ok,
,29474909.0,,,,failed,PMCID conversion failed; No OA via PMC/Europe PMC.
PMC6049088,29305462.0,downloaded_papers/PMC6049088.xml,PMC,xml,ok,
,29394105.0,,,,failed,PMCID conversion failed; No OA via PMC/Europe PMC.
PMC10502153,37709743.0,downloaded_papers/PMC10502153.xml,PMC,xml,ok,
,29454089.0,,,,failed,PMCID conversion failed; No OA via PMC/Europe PMC.
PMC6049088,29305462.0,downloaded_papers/PMC6049088.xml,PMC,xml,ok,
PMC5604211,28928868.0,downloaded_papers/PMC5604211.xml,PMC,xml,ok,
PMC5946033,29780389.0,downloaded_papers/PMC5946033.xml,PMC,xml,ok,
PMC5749543,29202469.0,downloaded_papers/PMC5749543.xml,PMC,xml,ok,
,29262349.0,,,,failed,PMCID conversion failed; No OA via PMC/Europe PMC.
PMC5692555,29078328.0,downloaded_papers/PMC5692555.xml,PMC,xml,ok,
PMC5910494,29080089.0,downloaded_papers/PMC5910494.xml,PMC,xml,ok,
PMC5692555,29078328.0,downloaded_papers/PMC5692555.xml,PMC,xml,ok,
PMC5749543,29202469.0,downloaded_papers/PMC5749543.xml,PMC,xml,ok,
PMC5662895,29123519.0,downloaded_papers/PMC5662895.xml,PMC,xml,ok,
PMC5686750,28956761.0,downloaded_papers/PMC5686750.xml,PMC,xml,ok,
PMC5639184,28919260.0,downloaded_papers/PMC5639184.xml,PMC,xml,ok,
PMC5367950,28032673.0,downloaded_papers/PMC5367950.xml,PMC,xml,ok,
PMC5789792,28959968.0,downloaded_papers/PMC5789792.xml,PMC,xml,ok,
PMC5789792,28959968.0,downloaded_papers/PMC5789792.xml,PMC,xml,ok,
PMC5595433,28895534.0,downloaded_papers/PMC5595433.xml,PMC,xml,ok,
,26859229.0,,,,failed,PMCID conversion failed; No OA via PMC/Europe PMC.
PMC5585348,28874785.0,downloaded_papers/PMC5585348.xml,PMC,xml,ok,
PMC5509291,28704530.0,downloaded_papers/PMC5509291.xml,PMC,xml,ok,
PMC7961010,33723311.0,downloaded_papers/PMC7961010.xml,PMC,xml,ok,
PMC5642487,29050212.0,downloaded_papers/PMC5642487.xml,PMC,xml,ok,
PMC5642487,29050212.0,downloaded_papers/PMC5642487.xml,PMC,xml,ok,
PMC5642487,29050212.0,downloaded_papers/PMC5642487.xml,PMC,xml,ok,
PMC5520106,28719590.0,downloaded_papers/PMC5520106.xml,PMC,xml,ok,
PMC5567270,28831049.0,downloaded_papers/PMC5567270.xml,PMC,xml,ok,
PMC9171790,35537047.0,downloaded_papers/PMC9171790.xml,PMC,xml,ok,
PMC5789792,28959968.0,downloaded_papers/PMC5789792.xml,PMC,xml,ok,
PMC5567270,28831049.0,downloaded_papers/PMC5567270.xml,PMC,xml,ok,
PMC5873360,28678681.0,downloaded_papers/PMC5873360.xml,PMC,xml,ok,
PMC10843761,37949031.0,downloaded_papers/PMC10843761.xml,PMC,xml,ok,
,28859278.0,,,,failed,PMCID conversion failed; No OA via PMC/Europe PMC.
PMC5737334,28973471.0,downloaded_papers/PMC5737334.xml,PMC,xml,ok,
,28684628.0,,,,failed,PMCID conversion failed; No OA via PMC/Europe PMC.
PMC5178150,27733378.0,downloaded_papers/PMC5178150.xml,PMC,xml,ok,
PMC5386490,28230862.0,downloaded_papers/PMC5386490.xml,PMC,xml,ok,
PMC5386490,28230862.0,downloaded_papers/PMC5386490.xml,PMC,xml,ok,
PMC5555720,28806168.0,downloaded_papers/PMC5555720.xml,PMC,xml,ok,
PMC5551035,28666125.0,downloaded_papers/PMC5551035.xml,PMC,xml,ok,
PMC9674007,28723896.0,downloaded_papers/PMC9674007.xml,PMC,xml,ok,
,28623968.0,,,,failed,PMCID conversion failed; No OA via PMC/Europe PMC.
,28455378.0,,,,failed,PMCID conversion failed; No OA via PMC/Europe PMC.
PMC6309218,28522536.0,downloaded_papers/PMC6309218.xml,PMC,xml,ok,
PMC5415793,28468635.0,downloaded_papers/PMC5415793.xml,PMC,xml,ok,
PMC5466981,28659920.0,downloaded_papers/PMC5466981.xml,PMC,xml,ok,
PMC5496714,28273454.0,downloaded_papers/PMC5496714.xml,PMC,xml,ok,
PMC6440273,28379409.0,downloaded_papers/PMC6440273.xml,PMC,xml,ok,
PMC5496714,28273454.0,downloaded_papers/PMC5496714.xml,PMC,xml,ok,
PMC5410172,28394884.0,downloaded_papers/PMC5410172.xml,PMC,xml,ok,
PMC5675445,28935707.0,downloaded_papers/PMC5675445.xml,PMC,xml,ok,
PMC5460928,28323933.0,downloaded_papers/PMC5460928.xml,PMC,xml,ok,
PMC5340127,27732952.0,downloaded_papers/PMC5340127.xml,PMC,xml,ok,
PMC5340127,27732952.0,downloaded_papers/PMC5340127.xml,PMC,xml,ok,
PMC5122399,27223264.0,downloaded_papers/PMC5122399.xml,PMC,xml,ok,
,28494860.0,,,,failed,PMCID conversion failed; No OA via PMC/Europe PMC.
PMC4549291,26305333.0,downloaded_papers/PMC4549291.xml,PMC,xml,ok,
PMC3439153,22955616.0,downloaded_papers/PMC3439153.xml,PMC,xml,ok,
PMC5635883,28923940.0,downloaded_papers/PMC5635883.xml,PMC,xml,ok,
,28467908.0,,,,failed,PMCID conversion failed; No OA via PMC/Europe PMC.
PMC5635883,28923940.0,downloaded_papers/PMC5635883.xml,PMC,xml,ok,
,28467908.0,,,,failed,PMCID conversion failed; No OA via PMC/Europe PMC.
,28467908.0,,,,failed,PMCID conversion failed; No OA via PMC/Europe PMC.
PMC5397702,28167044.0,downloaded_papers/PMC5397702.xml,PMC,xml,ok,
PMC5340963,28174237.0,downloaded_papers/PMC5340963.xml,PMC,xml,ok,
PMC5397702,28167044.0,downloaded_papers/PMC5397702.xml,PMC,xml,ok,
PMC5340963,28174237.0,downloaded_papers/PMC5340963.xml,PMC,xml,ok,
PMC5374352,28232602.0,downloaded_papers/PMC5374352.xml,PMC,xml,ok,
PMC5374352,28232602.0,downloaded_papers/PMC5374352.xml,PMC,xml,ok,
PMC5340963,28174237.0,downloaded_papers/PMC5340963.xml,PMC,xml,ok,
PMC5340963,28174237.0,downloaded_papers/PMC5340963.xml,PMC,xml,ok,
,28347715.0,,,,failed,PMCID conversion failed; No OA via PMC/Europe PMC.
PMC5692555,29078328.0,downloaded_papers/PMC5692555.xml,PMC,xml,ok,
PMC5340963,28174237.0,downloaded_papers/PMC5340963.xml,PMC,xml,ok,
,27452442.0,,,,failed,PMCID conversion failed; No OA via PMC/Europe PMC.
PMC4930480,27278471.0,downloaded_papers/PMC4930480.xml,PMC,xml,ok,
PMC3439153,22955616.0,downloaded_papers/PMC3439153.xml,PMC,xml,ok,
PMC5374356,28232601.0,downloaded_papers/PMC5374356.xml,PMC,xml,ok,
PMC4024384,24529597.0,downloaded_papers/PMC4024384.xml,PMC,xml,ok,
PMC5135375,27807143.0,downloaded_papers/PMC5135375.xml,PMC,xml,ok,
,28012457.0,,,,failed,PMCID conversion failed; No OA via PMC/Europe PMC.
,27760115.0,,,,failed,PMCID conversion failed; No OA via PMC/Europe PMC.
,28154962.0,,,,failed,PMCID conversion failed; No OA via PMC/Europe PMC.
PMC5117530,27871224.0,downloaded_papers/PMC5117530.xml,PMC,xml,ok,
PMC7873311,33564054.0,downloaded_papers/PMC7873311.xml,PMC,xml,ok,
,27759021.0,,,,failed,PMCID conversion failed; No OA via PMC/Europe PMC.
PMC5187692,27940919.0,downloaded_papers/PMC5187692.xml,PMC,xml,ok,
PMC5059138,27642011.0,downloaded_papers/PMC5059138.xml,PMC,xml,ok,
,27635762.0,,,,failed,PMCID conversion failed; No OA via PMC/Europe PMC.
PMC5000678,27527166.0,downloaded_papers/PMC5000678.xml,PMC,xml,ok,
PMC5059138,27642011.0,downloaded_papers/PMC5059138.xml,PMC,xml,ok,
PMC5209944,28049421.0,downloaded_papers/PMC5209944.xml,PMC,xml,ok,
,28173052.0,,,,failed,PMCID conversion failed; No OA via PMC/Europe PMC.
PMC4939914,27245094.0,downloaded_papers/PMC4939914.xml,PMC,xml,ok,
PMC5059138,27642011.0,downloaded_papers/PMC5059138.xml,PMC,xml,ok,
PMC5486950,26466817.0,downloaded_papers/PMC5486950.xml,PMC,xml,ok,
PMC4916594,27329541.0,downloaded_papers/PMC4916594.xml,PMC,xml,ok,
PMC4965770,27468655.0,downloaded_papers/PMC4965770.xml,PMC,xml,ok,
PMC4902972,27293492.0,downloaded_papers/PMC4902972.xml,PMC,xml,ok,
PMC11583243,27452435.0,downloaded_papers/PMC11583243.xml,PMC,xml,ok,
PMC11583243,27452435.0,downloaded_papers/PMC11583243.xml,PMC,xml,ok,
PMC5739102,28678605.0,downloaded_papers/PMC5739102.xml,PMC,xml,ok,
PMC5582610,28879060.0,downloaded_papers/PMC5582610.xml,PMC,xml,ok,
PMC4902972,27293492.0,downloaded_papers/PMC4902972.xml,PMC,xml,ok,
,27107345.0,,,,failed,PMCID conversion failed; No OA via PMC/Europe PMC.
,27107345.0,,,,failed,PMCID conversion failed; No OA via PMC/Europe PMC.
PMC5059138,27642011.0,downloaded_papers/PMC5059138.xml,PMC,xml,ok,
PMC4907097,27066803.0,downloaded_papers/PMC4907097.xml,PMC,xml,ok,
PMC4981340,27183470.0,downloaded_papers/PMC4981340.xml,PMC,xml,ok,
PMC4868469,27078102.0,downloaded_papers/PMC4868469.xml,PMC,xml,ok,
PMC4981340,27183470.0,downloaded_papers/PMC4981340.xml,PMC,xml,ok,
PMC4852513,26952984.0,downloaded_papers/PMC4852513.xml,PMC,xml,ok,
PMC4852513,26952984.0,downloaded_papers/PMC4852513.xml,PMC,xml,ok,
PMC4852513,26952984.0,downloaded_papers/PMC4852513.xml,PMC,xml,ok,
PMC4886507,26917451.0,downloaded_papers/PMC4886507.xml,PMC,xml,ok,
,27160201.0,,,,failed,PMCID conversion failed; No OA via PMC/Europe PMC.
PMC4897595,27462457.0,downloaded_papers/PMC4897595.xml,PMC,xml,ok,
PMC4938645,27172225.0,downloaded_papers/PMC4938645.xml,PMC,xml,ok,
PMC5089172,27819066.0,downloaded_papers/PMC5089172.xml,PMC,xml,ok,
PMC4868474,27051068.0,downloaded_papers/PMC4868474.xml,PMC,xml,ok,
PMC6702784,27122635.0,downloaded_papers/PMC6702784.xml,PMC,xml,ok,
PMC4868474,27051068.0,downloaded_papers/PMC4868474.xml,PMC,xml,ok,
PMC4868474,27051068.0,downloaded_papers/PMC4868474.xml,PMC,xml,ok,
PMC4897595,27462457.0,downloaded_papers/PMC4897595.xml,PMC,xml,ok,
PMC4863666,27153397.0,downloaded_papers/PMC4863666.xml,PMC,xml,ok,
PMC3439153,22955616.0,downloaded_papers/PMC3439153.xml,PMC,xml,ok,
PMC3439153,22955616.0,downloaded_papers/PMC3439153.xml,PMC,xml,ok,
PMC3439153,22955616.0,downloaded_papers/PMC3439153.xml,PMC,xml,ok,
PMC4777444,26938916.0,downloaded_papers/PMC4777444.xml,PMC,xml,ok,
PMC4777444,26938916.0,downloaded_papers/PMC4777444.xml,PMC,xml,ok,
PMC4777444,26938916.0,downloaded_papers/PMC4777444.xml,PMC,xml,ok,
PMC4848515,27108815.0,downloaded_papers/PMC4848515.xml,PMC,xml,ok,
PMC4848515,27108815.0,downloaded_papers/PMC4848515.xml,PMC,xml,ok,
PMC11996048,38811726.0,downloaded_papers/PMC11996048.xml,PMC,xml,ok,
PMC11996048,38811726.0,downloaded_papers/PMC11996048.xml,PMC,xml,ok,
PMC11091301,38745664.0,downloaded_papers/PMC11091301.xml,PMC,xml,ok,
PMC11996048,38811726.0,downloaded_papers/PMC11996048.xml,PMC,xml,ok,
,26968548.0,,,,failed,PMCID conversion failed; No OA via PMC/Europe PMC.
PMC10933046,38481391.0,downloaded_papers/PMC10933046.xml,PMC,xml,ok,
PMC11220921,38880601.0,downloaded_papers/PMC11220921.xml,PMC,xml,ok,
,38823394.0,,,,failed,PMCID conversion failed; No OA via PMC/Europe PMC.
PMC11022056,38633001.0,downloaded_papers/PMC11022056.xml,PMC,xml,ok,
PMC4848515,27108815.0,downloaded_papers/PMC4848515.xml,PMC,xml,ok,
PMC10888853,38405745.0,downloaded_papers/PMC10888853.xml,PMC,xml,ok,
PMC10888853,38405745.0,downloaded_papers/PMC10888853.xml,PMC,xml,ok,
PMC10888853,38405745.0,downloaded_papers/PMC10888853.xml,PMC,xml,ok,
PMC7322033,32513715.0,downloaded_papers/PMC7322033.xml,PMC,xml,ok,
PMC6734492,30299501.0,downloaded_papers/PMC6734492.xml,PMC,xml,ok,
PMC6734492,30299501.0,downloaded_papers/PMC6734492.xml,PMC,xml,ok,
PMC8084634,33969332.0,downloaded_papers/PMC8084634.xml,PMC,xml,ok,
PMC6943130,31777916.0,downloaded_papers/PMC6943130.xml,PMC,xml,ok,
PMC11016801,38623329.0,downloaded_papers/PMC11016801.xml,PMC,xml,ok,
PMC10900729,38413986.0,downloaded_papers/PMC10900729.xml,PMC,xml,ok,
PMC8423434,33915080.0,downloaded_papers/PMC8423434.xml,PMC,xml,ok,
PMC9274133,35837332.0,downloaded_papers/PMC9274133.xml,PMC,xml,ok,
PMC8001966,33803164.0,downloaded_papers/PMC8001966.xml,PMC,xml,ok,
PMC7961173,33725128.0,downloaded_papers/PMC7961173.xml,PMC,xml,ok,
PMC8423434,33915080.0,downloaded_papers/PMC8423434.xml,PMC,xml,ok,
PMC7962760,33284968.0,downloaded_papers/PMC7962760.xml,PMC,xml,ok,
,35869938.0,,,,failed,PMCID conversion failed; No OA via PMC/Europe PMC.
PMC8001632,33809345.0,downloaded_papers/PMC8001632.xml,PMC,xml,ok,
PMC10011423,36914823.0,downloaded_papers/PMC10011423.xml,PMC,xml,ok,
PMC9325399,35474222.0,downloaded_papers/PMC9325399.xml,PMC,xml,ok,
PMC9481899,35961310.0,downloaded_papers/PMC9481899.xml,PMC,xml,ok,
PMC9534772,36007540.0,downloaded_papers/PMC9534772.xml,PMC,xml,ok,
PMC9439721,35988542.0,downloaded_papers/PMC9439721.xml,PMC,xml,ok,
PMC9406452,36010543.0,downloaded_papers/PMC9406452.xml,PMC,xml,ok,
PMC12166289,35848638.0,downloaded_papers/PMC12166289.xml,PMC,xml,ok,
PMC9439721,35988542.0,downloaded_papers/PMC9439721.xml,PMC,xml,ok,
,35947831.0,,,,failed,PMCID conversion failed; No OA via PMC/Europe PMC.
,35993908.0,,,,failed,PMCID conversion failed; No OA via PMC/Europe PMC.
PMC9240912,35784461.0,downloaded_papers/PMC9240912.xml,PMC,xml,ok,
,35803225.0,,,,failed,PMCID conversion failed; No OA via PMC/Europe PMC.
PMC9084524,35476669.0,downloaded_papers/PMC9084524.xml,PMC,xml,ok,
PMC8956607,35338152.0,downloaded_papers/PMC8956607.xml,PMC,xml,ok,
PMC6717201,31471547.0,downloaded_papers/PMC6717201.xml,PMC,xml,ok,
PMC6727200,31204101.0,downloaded_papers/PMC6727200.xml,PMC,xml,ok,
PMC6732412,31125289.0,downloaded_papers/PMC6732412.xml,PMC,xml,ok,
PMC9534772,36007540.0,downloaded_papers/PMC9534772.xml,PMC,xml,ok,
PMC7138585,32224504.0,downloaded_papers/PMC7138585.xml,PMC,xml,ok,
PMC6800347,31570606.0,downloaded_papers/PMC6800347.xml,PMC,xml,ok,
,31491396.0,,,,failed,PMCID conversion failed; No OA via PMC/Europe PMC.
PMC9481673,35863348.0,downloaded_papers/PMC9481673.xml,PMC,xml,ok,
PMC10742386,38085778.0,downloaded_papers/PMC10742386.xml,PMC,xml,ok,
PMC7306800,32482863.0,downloaded_papers/PMC7306800.xml,PMC,xml,ok,
,32939092.0,,,,failed,PMCID conversion failed; No OA via PMC/Europe PMC.
PMC6664587,31357948.0,downloaded_papers/PMC6664587.xml,PMC,xml,ok,
PMC4534765,32939092.0,downloaded_papers/PMC4534765.xml,PMC,xml,ok,
PMC7311474,32576858.0,downloaded_papers/PMC7311474.xml,PMC,xml,ok,
,31491396.0,,,,failed,PMCID conversion failed; No OA via PMC/Europe PMC.
PMC5890253,29632317.0,downloaded_papers/PMC5890253.xml,PMC,xml,ok,
PMC4852506,26769798.0,downloaded_papers/PMC4852506.xml,PMC,xml,ok,
,26811378.0,,,,failed,PMCID conversion failed; No OA via PMC/Europe PMC.
PMC4729543,26812015.0,downloaded_papers/PMC4729543.xml,PMC,xml,ok,
,23583422.0,,,,failed,PMCID conversion failed; No OA via PMC/Europe PMC.
,26348374.0,,,,failed,PMCID conversion failed; No OA via PMC/Europe PMC.
PMC4275036,25566514.0,downloaded_papers/PMC4275036.xml,PMC,xml,ok,
PMC4785845,26954547.0,downloaded_papers/PMC4785845.xml,PMC,xml,ok,
,27071951.0,,,,failed,PMCID conversion failed; No OA via PMC/Europe PMC.
PMC4889973,26769960.0,downloaded_papers/PMC4889973.xml,PMC,xml,ok,
PMC4756375,26883277.0,downloaded_papers/PMC4756375.xml,PMC,xml,ok,
PMC4707081,26604129.0,downloaded_papers/PMC4707081.xml,PMC,xml,ok,
PMC4707081,26604129.0,downloaded_papers/PMC4707081.xml,PMC,xml,ok,
PMC7961010,33723311.0,downloaded_papers/PMC7961010.xml,PMC,xml,ok,
PMC7861945,33574972.0,downloaded_papers/PMC7861945.xml,PMC,xml,ok,
PMC4705987,26491013.0,downloaded_papers/PMC4705987.xml,PMC,xml,ok,
,27016783.0,,,,failed,PMCID conversion failed; No OA via PMC/Europe PMC.
PMC4942221,26584061.0,downloaded_papers/PMC4942221.xml,PMC,xml,ok,
PMC10324248,37415206.0,downloaded_papers/PMC10324248.xml,PMC,xml,ok,
PMC4684229,26476147.0,downloaded_papers/PMC4684229.xml,PMC,xml,ok,
,27283765.0,,,,failed,PMCID conversion failed; No OA via PMC/Europe PMC.
,26248480.0,,,,failed,PMCID conversion failed; No OA via PMC/Europe PMC.
PMC4884356,27236334.0,downloaded_papers/PMC4884356.xml,PMC,xml,ok,
,26531845.0,,,,failed,PMCID conversion failed; No OA via PMC/Europe PMC.
,26412562.0,,,,failed,PMCID conversion failed; No OA via PMC/Europe PMC.
,26412560.0,,,,failed,PMCID conversion failed; No OA via PMC/Europe PMC.
PMC4624949,26510177.0,downloaded_papers/PMC4624949.xml,PMC,xml,ok,
PMC4514672,26207633.0,downloaded_papers/PMC4514672.xml,PMC,xml,ok,
PMC4735741,26830322.0,downloaded_papers/PMC4735741.xml,PMC,xml,ok,
,26475213.0,,,,failed,PMCID conversion failed; No OA via PMC/Europe PMC.
PMC4524645,26241857.0,downloaded_papers/PMC4524645.xml,PMC,xml,ok,
PMC4488298,26121239.0,downloaded_papers/PMC4488298.xml,PMC,xml,ok,
PMC4989499,27534536.0,downloaded_papers/PMC4989499.xml,PMC,xml,ok,
PMC4524439,26244062.0,downloaded_papers/PMC4524439.xml,PMC,xml,ok,
PMC4653227,26504231.0,downloaded_papers/PMC4653227.xml,PMC,xml,ok,
PMC4653227,26504231.0,downloaded_papers/PMC4653227.xml,PMC,xml,ok,
PMC4444079,26010865.0,downloaded_papers/PMC4444079.xml,PMC,xml,ok,
PMC4454777,25912690.0,downloaded_papers/PMC4454777.xml,PMC,xml,ok,
PMC6348426,28693373.0,downloaded_papers/PMC6348426.xml,PMC,xml,ok,
PMC4539370,26149388.0,downloaded_papers/PMC4539370.xml,PMC,xml,ok,
PMC5104283,27328057.0,downloaded_papers/PMC5104283.xml,PMC,xml,ok,
,26102221.0,,,,failed,PMCID conversion failed; No OA via PMC/Europe PMC.
PMC4863666,27153397.0,downloaded_papers/PMC4863666.xml,PMC,xml,ok,
PMC4414224,25824141.0,downloaded_papers/PMC4414224.xml,PMC,xml,ok,
PMC4426460,25870291.0,downloaded_papers/PMC4426460.xml,PMC,xml,ok,
,26068777.0,,,,failed,PMCID conversion failed; No OA via PMC/Europe PMC.
PMC4410000,25888192.0,downloaded_papers/PMC4410000.xml,PMC,xml,ok,
PMC4624949,26510177.0,downloaded_papers/PMC4624949.xml,PMC,xml,ok,
,24892994.0,,,,failed,PMCID conversion failed; No OA via PMC/Europe PMC.
PMC4466545,26070137.0,downloaded_papers/PMC4466545.xml,PMC,xml,ok,
PMC4472038,26028532.0,downloaded_papers/PMC4472038.xml,PMC,xml,ok,
PMC6517833,25758223.0,downloaded_papers/PMC6517833.xml,PMC,xml,ok,
PMC6517833,25758223.0,downloaded_papers/PMC6517833.xml,PMC,xml,ok,
,25751143.0,,,,failed,PMCID conversion failed; No OA via PMC/Europe PMC.
PMC4404591,25887593.0,downloaded_papers/PMC4404591.xml,PMC,xml,ok,
PMC4426363,25711832.0,downloaded_papers/PMC4426363.xml,PMC,xml,ok,
PMC4623497,25695131.0,downloaded_papers/PMC4623497.xml,PMC,xml,ok,
PMC4425984,25921778.0,downloaded_papers/PMC4425984.xml,PMC,xml,ok,
PMC4432927,25824636.0,downloaded_papers/PMC4432927.xml,PMC,xml,ok,
PMC4263130,25423963.0,downloaded_papers/PMC4263130.xml,PMC,xml,ok,
PMC4263130,25423963.0,downloaded_papers/PMC4263130.xml,PMC,xml,ok,
PMC4263130,25423963.0,downloaded_papers/PMC4263130.xml,PMC,xml,ok,
,26063408.0,,,,failed,PMCID conversion failed; No OA via PMC/Europe PMC.
PMC4248291,25395663.0,downloaded_papers/PMC4248291.xml,PMC,xml,ok,
PMC4232618,25348288.0,downloaded_papers/PMC4232618.xml,PMC,xml,ok,
,25116707.0,,,,failed,PMCID conversion failed; No OA via PMC/Europe PMC.
PMC4201284,25319825.0,downloaded_papers/PMC4201284.xml,PMC,xml,ok,
PMC4266106,25409824.0,downloaded_papers/PMC4266106.xml,PMC,xml,ok,
PMC3877027,24391757.0,downloaded_papers/PMC3877027.xml,PMC,xml,ok,
,25446535.0,,,,failed,PMCID conversion failed; No OA via PMC/Europe PMC.
PMC4126333,24916507.0,downloaded_papers/PMC4126333.xml,PMC,xml,ok,
PMC4623103,25437054.0,downloaded_papers/PMC4623103.xml,PMC,xml,ok,
,24948605.0,,,,failed,PMCID conversion failed; No OA via PMC/Europe PMC.
PMC4080279,24790087.0,downloaded_papers/PMC4080279.xml,PMC,xml,ok,
PMC4216920,25096407.0,downloaded_papers/PMC4216920.xml,PMC,xml,ok,
PMC4172433,25247495.0,downloaded_papers/PMC4172433.xml,PMC,xml,ok,
PMC4159327,25203285.0,downloaded_papers/PMC4159327.xml,PMC,xml,ok,
PMC3934879,24586524.0,downloaded_papers/PMC3934879.xml,PMC,xml,ok,
PMC4756451,26889207.0,downloaded_papers/PMC4756451.xml,PMC,xml,ok,
PMC4524439,26244062.0,downloaded_papers/PMC4524439.xml,PMC,xml,ok,
PMC4006706,24785991.0,downloaded_papers/PMC4006706.xml,PMC,xml,ok,
PMC4274382,25304211.0,downloaded_papers/PMC4274382.xml,PMC,xml,ok,
PMC4239420,25211593.0,downloaded_papers/PMC4239420.xml,PMC,xml,ok,
PMC4239420,25211593.0,downloaded_papers/PMC4239420.xml,PMC,xml,ok,
,25552189.0,,,,failed,PMCID conversion failed; No OA via PMC/Europe PMC.
,24759836.0,,,,failed,PMCID conversion failed; No OA via PMC/Europe PMC.
PMC4045483,24594094.0,downloaded_papers/PMC4045483.xml,PMC,xml,ok,
PMC4524439,26244062.0,downloaded_papers/PMC4524439.xml,PMC,xml,ok,
PMC3923226,24527396.0,downloaded_papers/PMC3923226.xml,PMC,xml,ok,
,24220328.0,,,,failed,PMCID conversion failed; No OA via PMC/Europe PMC.
PMC3935918,24586954.0,downloaded_papers/PMC3935918.xml,PMC,xml,ok,
PMC4006706,24785991.0,downloaded_papers/PMC4006706.xml,PMC,xml,ok,
,24448552.0,,,,failed,PMCID conversion failed; No OA via PMC/Europe PMC.
PMC4116409,23632636.0,downloaded_papers/PMC4116409.xml,PMC,xml,ok,
,24163411.0,,,,failed,PMCID conversion failed; No OA via PMC/Europe PMC.
,24463510.0,,,,failed,PMCID conversion failed; No OA via PMC/Europe PMC.
PMC3950757,24286824.0,downloaded_papers/PMC3950757.xml,PMC,xml,ok,
PMC3975056,24402520.0,downloaded_papers/PMC3975056.xml,PMC,xml,ok,
PMC6343003,30670706.0,downloaded_papers/PMC6343003.xml,PMC,xml,ok,
PMC3827157,24265769.0,downloaded_papers/PMC3827157.xml,PMC,xml,ok,
PMC4623103,25437054.0,downloaded_papers/PMC4623103.xml,PMC,xml,ok,
PMC1458520,16682451.0,downloaded_papers/PMC1458520.xml,PMC,xml,ok,
PMC3863903,24326934.0,downloaded_papers/PMC3863903.xml,PMC,xml,ok,
,24336202.0,,,,failed,PMCID conversion failed; No OA via PMC/Europe PMC.
,24462402.0,,,,failed,PMCID conversion failed; No OA via PMC/Europe PMC.
PMC3690326,23733877.0,downloaded_papers/PMC3690326.xml,PMC,xml,ok,
PMC3775414,24004950.0,downloaded_papers/PMC3775414.xml,PMC,xml,ok,
,24174570.0,,,,failed,PMCID conversion failed; No OA via PMC/Europe PMC.
PMC4712832,26483210.0,downloaded_papers/PMC4712832.xml,PMC,xml,ok,
,24120664.0,,,,failed,PMCID conversion failed; No OA via PMC/Europe PMC.
,24120664.0,,,,failed,PMCID conversion failed; No OA via PMC/Europe PMC.
PMC3857238,24349118.0,downloaded_papers/PMC3857238.xml,PMC,xml,ok,
PMC3829101,24094292.0,downloaded_papers/PMC3829101.xml,PMC,xml,ok,
,24120664.0,,,,failed,PMCID conversion failed; No OA via PMC/Europe PMC.
PMC3975056,24402520.0,downloaded_papers/PMC3975056.xml,PMC,xml,ok,
,24534948.0,,,,failed,PMCID conversion failed; No OA via PMC/Europe PMC.
PMC3888260,24105472.0,downloaded_papers/PMC3888260.xml,PMC,xml,ok,
PMC3812163,24205377.0,downloaded_papers/PMC3812163.xml,PMC,xml,ok,
PMC3875863,24065774.0,downloaded_papers/PMC3875863.xml,PMC,xml,ok,
,25273530.0,,,,failed,PMCID conversion failed; No OA via PMC/Europe PMC.
PMC3797840,24146866.0,downloaded_papers/PMC3797840.xml,PMC,xml,ok,
,17312329.0,,,,failed,PMCID conversion failed; No OA via PMC/Europe PMC.
PMC4095776,23995138.0,downloaded_papers/PMC4095776.xml,PMC,xml,ok,
PMC3558854,23175668.0,downloaded_papers/PMC3558854.xml,PMC,xml,ok,
PMC3797840,24146866.0,downloaded_papers/PMC3797840.xml,PMC,xml,ok,
PMC3797840,24146866.0,downloaded_papers/PMC3797840.xml,PMC,xml,ok,
PMC3730776,23770347.0,downloaded_papers/PMC3730776.xml,PMC,xml,ok,
PMC3675012,23754950.0,downloaded_papers/PMC3675012.xml,PMC,xml,ok,
PMC3675012,23754950.0,downloaded_papers/PMC3675012.xml,PMC,xml,ok,
PMC3707822,23819640.0,downloaded_papers/PMC3707822.xml,PMC,xml,ok,
PMC3703733,23847593.0,downloaded_papers/PMC3703733.xml,PMC,xml,ok,
PMC3707822,23819640.0,downloaded_papers/PMC3707822.xml,PMC,xml,ok,
PMC3738383,23943656.0,downloaded_papers/PMC3738383.xml,PMC,xml,ok,
PMC3675012,23754950.0,downloaded_papers/PMC3675012.xml,PMC,xml,ok,
PMC3701323,23746443.0,downloaded_papers/PMC3701323.xml,PMC,xml,ok,
,23688424.0,,,,failed,PMCID conversion failed; No OA via PMC/Europe PMC.
PMC3696791,23754418.0,downloaded_papers/PMC3696791.xml,PMC,xml,ok,
PMC3799850,23631809.0,downloaded_papers/PMC3799850.xml,PMC,xml,ok,
PMC3677442,23613587.0,downloaded_papers/PMC3677442.xml,PMC,xml,ok,
PMC3779005,23770704.0,downloaded_papers/PMC3779005.xml,PMC,xml,ok,
PMC4070941,24963923.0,downloaded_papers/PMC4070941.xml,PMC,xml,ok,
PMC4105836,25001852.0,downloaded_papers/PMC4105836.xml,PMC,xml,ok,
PMC3625261,23530188.0,downloaded_papers/PMC3625261.xml,PMC,xml,ok,
PMC3625261,23530188.0,downloaded_papers/PMC3625261.xml,PMC,xml,ok,
PMC3625261,23530188.0,downloaded_papers/PMC3625261.xml,PMC,xml,ok,
PMC3656234,23584901.0,downloaded_papers/PMC3656234.xml,PMC,xml,ok,
PMC3609796,23544093.0,downloaded_papers/PMC3609796.xml,PMC,xml,ok,
PMC3613164,23364048.0,downloaded_papers/PMC3613164.xml,PMC,xml,ok,
PMC3561375,23383118.0,downloaded_papers/PMC3561375.xml,PMC,xml,ok,
PMC3592905,23314690.0,downloaded_papers/PMC3592905.xml,PMC,xml,ok,
PMC3677442,23613587.0,downloaded_papers/PMC3677442.xml,PMC,xml,ok,
,23462174.0,,,,failed,PMCID conversion failed; No OA via PMC/Europe PMC.
PMC3994729,24604048.0,downloaded_papers/PMC3994729.xml,PMC,xml,ok,
PMC3740789,23452981.0,downloaded_papers/PMC3740789.xml,PMC,xml,ok,
PMC3509780,22993381.0,downloaded_papers/PMC3509780.xml,PMC,xml,ok,
PMC3378600,22723920.0,downloaded_papers/PMC3378600.xml,PMC,xml,ok,
PMC3789077,23396136.0,downloaded_papers/PMC3789077.xml,PMC,xml,ok,
,23085713.0,,,,failed,PMCID conversion failed; No OA via PMC/Europe PMC.
PMC3528503,23184984.0,downloaded_papers/PMC3528503.xml,PMC,xml,ok,
PMC3471948,23077551.0,downloaded_papers/PMC3471948.xml,PMC,xml,ok,
PMC3511858,23178118.0,downloaded_papers/PMC3511858.xml,PMC,xml,ok,
,23085713.0,,,,failed,PMCID conversion failed; No OA via PMC/Europe PMC.
PMC3545475,23122293.0,downloaded_papers/PMC3545475.xml,PMC,xml,ok,
PMC3475151,22724507.0,downloaded_papers/PMC3475151.xml,PMC,xml,ok,
PMC3779005,23770704.0,downloaded_papers/PMC3779005.xml,PMC,xml,ok,
PMC3674053,23538714.0,downloaded_papers/PMC3674053.xml,PMC,xml,ok,
PMC3590800,23117585.0,downloaded_papers/PMC3590800.xml,PMC,xml,ok,
PMC3422314,22912686.0,downloaded_papers/PMC3422314.xml,PMC,xml,ok,
PMC3616487,23064266.0,downloaded_papers/PMC3616487.xml,PMC,xml,ok,
PMC3368935,22701680.0,downloaded_papers/PMC3368935.xml,PMC,xml,ok,
PMC3483796,22516201.0,downloaded_papers/PMC3483796.xml,PMC,xml,ok,
,23131127.0,,,,failed,PMCID conversion failed; No OA via PMC/Europe PMC.
PMC3624753,22863011.0,downloaded_papers/PMC3624753.xml,PMC,xml,ok,
PMC3442559,22833670.0,downloaded_papers/PMC3442559.xml,PMC,xml,ok,
PMC3999620,23934129.0,downloaded_papers/PMC3999620.xml,PMC,xml,ok,
,17111183.0,,,,failed,PMCID conversion failed; No OA via PMC/Europe PMC.
,23195033.0,,,,failed,PMCID conversion failed; No OA via PMC/Europe PMC.
PMC4041622,22763441.0,downloaded_papers/PMC4041622.xml,PMC,xml,ok,
PMC3368877,22701625.0,downloaded_papers/PMC3368877.xml,PMC,xml,ok,
PMC3409253,22800725.0,downloaded_papers/PMC3409253.xml,PMC,xml,ok,
PMC3479343,22967998.0,downloaded_papers/PMC3479343.xml,PMC,xml,ok,
,23092953.0,,,,failed,PMCID conversion failed; No OA via PMC/Europe PMC.
PMC3431427,22674387.0,downloaded_papers/PMC3431427.xml,PMC,xml,ok,
PMC3535066,22213079.0,downloaded_papers/PMC3535066.xml,PMC,xml,ok,
PMC3460181,22645258.0,downloaded_papers/PMC3460181.xml,PMC,xml,ok,
PMC3492272,23145134.0,downloaded_papers/PMC3492272.xml,PMC,xml,ok,
PMC3405530,22424930.0,downloaded_papers/PMC3405530.xml,PMC,xml,ok,
PMC3720866,23935929.0,downloaded_papers/PMC3720866.xml,PMC,xml,ok,
PMC3367894,22490678.0,downloaded_papers/PMC3367894.xml,PMC,xml,ok,
PMC1569871,16780603.0,downloaded_papers/PMC1569871.xml,PMC,xml,ok,
PMC4041622,22763441.0,downloaded_papers/PMC4041622.xml,PMC,xml,ok,
PMC4260565,25413365.0,downloaded_papers/PMC4260565.xml,PMC,xml,ok,
PMC3489896,23144842.0,downloaded_papers/PMC3489896.xml,PMC,xml,ok,
,22001195.0,,,,failed,PMCID conversion failed; No OA via PMC/Europe PMC.
,22264586.0,,,,failed,PMCID conversion failed; No OA via PMC/Europe PMC.
PMC4266106,25409824.0,downloaded_papers/PMC4266106.xml,PMC,xml,ok,
,22001195.0,,,,failed,PMCID conversion failed; No OA via PMC/Europe PMC.
,22001195.0,,,,failed,PMCID conversion failed; No OA via PMC/Europe PMC.
PMC3299771,22428004.0,downloaded_papers/PMC3299771.xml,PMC,xml,ok,
,22542907.0,,,,failed,PMCID conversion failed; No OA via PMC/Europe PMC.
PMC3534415,22709530.0,downloaded_papers/PMC3534415.xml,PMC,xml,ok,
PMC2121214,16682498.0,downloaded_papers/PMC2121214.xml,PMC,xml,ok,
PMC3746837,22490443.0,downloaded_papers/PMC3746837.xml,PMC,xml,ok,
PMC3746837,22490443.0,downloaded_papers/PMC3746837.xml,PMC,xml,ok,
PMC3746837,22490443.0,downloaded_papers/PMC3746837.xml,PMC,xml,ok,
PMC3331945,22456710.0,downloaded_papers/PMC3331945.xml,PMC,xml,ok,
PMC3228917,21983634.0,downloaded_papers/PMC3228917.xml,PMC,xml,ok,
PMC3214023,22096503.0,downloaded_papers/PMC3214023.xml,PMC,xml,ok,
PMC3120850,21731679.0,downloaded_papers/PMC3120850.xml,PMC,xml,ok,
PMC3032834,20932540.0,downloaded_papers/PMC3032834.xml,PMC,xml,ok,
,21890660.0,,,,failed,PMCID conversion failed; No OA via PMC/Europe PMC.
PMC3334621,22208850.0,downloaded_papers/PMC3334621.xml,PMC,xml,ok,
PMC3326306,22156375.0,downloaded_papers/PMC3326306.xml,PMC,xml,ok,
PMC3076716,21300692.0,downloaded_papers/PMC3076716.xml,PMC,xml,ok,
PMC3592905,23314690.0,downloaded_papers/PMC3592905.xml,PMC,xml,ok,
,22027433.0,,,,failed,PMCID conversion failed; No OA via PMC/Europe PMC.
,21949351.0,,,,failed,PMCID conversion failed; No OA via PMC/Europe PMC.
PMC3677766,23639576.0,downloaded_papers/PMC3677766.xml,PMC,xml,ok,
PMC3198433,22039435.0,downloaded_papers/PMC3198433.xml,PMC,xml,ok,
PMC3561970,23209027.0,downloaded_papers/PMC3561970.xml,PMC,xml,ok,
PMC3309957,22470490.0,downloaded_papers/PMC3309957.xml,PMC,xml,ok,
PMC3198433,22039435.0,downloaded_papers/PMC3198433.xml,PMC,xml,ok,
,21865555.0,,,,failed,PMCID conversion failed; No OA via PMC/Europe PMC.
PMC3185964,21890647.0,downloaded_papers/PMC3185964.xml,PMC,xml,ok,
PMC1482949,16740962.0,downloaded_papers/PMC1482949.xml,PMC,xml,ok,
,21368299.0,,,,failed,PMCID conversion failed; No OA via PMC/Europe PMC.
PMC3216976,22032438.0,downloaded_papers/PMC3216976.xml,PMC,xml,ok,
,21762016.0,,,,failed,PMCID conversion failed; No OA via PMC/Europe PMC.
,21786363.0,,,,failed,PMCID conversion failed; No OA via PMC/Europe PMC.
PMC3250240,21990372.0,downloaded_papers/PMC3250240.xml,PMC,xml,ok,
PMC3176116,21705755.0,downloaded_papers/PMC3176116.xml,PMC,xml,ok,
PMC3154142,21749726.0,downloaded_papers/PMC3154142.xml,PMC,xml,ok,
PMC3285757,21750961.0,downloaded_papers/PMC3285757.xml,PMC,xml,ok,
,17665172.0,,,,failed,PMCID conversion failed; No OA via PMC/Europe PMC.
PMC3442400,22833560.0,downloaded_papers/PMC3442400.xml,PMC,xml,ok,
,22355075.0,,,,failed,PMCID conversion failed; No OA via PMC/Europe PMC.
PMC3882064,21491160.0,downloaded_papers/PMC3882064.xml,PMC,xml,ok,
PMC3345889,21755573.0,downloaded_papers/PMC3345889.xml,PMC,xml,ok,
,21593219.0,,,,failed,PMCID conversion failed; No OA via PMC/Europe PMC.
PMC3369279,22702245.0,downloaded_papers/PMC3369279.xml,PMC,xml,ok,
PMC3180731,21652768.0,downloaded_papers/PMC3180731.xml,PMC,xml,ok,
PMC3091002,21549327.0,downloaded_papers/PMC3091002.xml,PMC,xml,ok,
PMC3307733,22442682.0,downloaded_papers/PMC3307733.xml,PMC,xml,ok,
PMC3077415,21533146.0,downloaded_papers/PMC3077415.xml,PMC,xml,ok,
,21613321.0,,,,failed,PMCID conversion failed; No OA via PMC/Europe PMC.
PMC3089619,21573114.0,downloaded_papers/PMC3089619.xml,PMC,xml,ok,
,20014010.0,,,,failed,PMCID conversion failed; No OA via PMC/Europe PMC.
PMC3712354,21257965.0,downloaded_papers/PMC3712354.xml,PMC,xml,ok,
PMC3377725,22723873.0,downloaded_papers/PMC3377725.xml,PMC,xml,ok,
PMC3131303,21760941.0,downloaded_papers/PMC3131303.xml,PMC,xml,ok,
PMC2816652,20010949.0,downloaded_papers/PMC2816652.xml,PMC,xml,ok,
PMC2706266,19534766.0,downloaded_papers/PMC2706266.xml,PMC,xml,ok,
PMC3292394,22013081.0,downloaded_papers/PMC3292394.xml,PMC,xml,ok,
PMC2917430,20667089.0,downloaded_papers/PMC2917430.xml,PMC,xml,ok,
,21803418.0,,,,failed,PMCID conversion failed; No OA via PMC/Europe PMC.
,21447550.0,,,,failed,PMCID conversion failed; No OA via PMC/Europe PMC.
PMC2474617,18597687.0,downloaded_papers/PMC2474617.xml,PMC,xml,ok,
PMC3126346,21300784.0,downloaded_papers/PMC3126346.xml,PMC,xml,ok,
PMC3797416,21289002.0,downloaded_papers/PMC3797416.xml,PMC,xml,ok,
PMC3134318,21295276.0,downloaded_papers/PMC3134318.xml,PMC,xml,ok,
PMC3060255,21368160.0,downloaded_papers/PMC3060255.xml,PMC,xml,ok,
PMC3044860,21324877.0,downloaded_papers/PMC3044860.xml,PMC,xml,ok,
PMC1557996,16606439.0,downloaded_papers/PMC1557996.xml,PMC,xml,ok,
,20926692.0,,,,failed,PMCID conversion failed; No OA via PMC/Europe PMC.
PMC3562443,23290504.0,downloaded_papers/PMC3562443.xml,PMC,xml,ok,
,21305674.0,,,,failed,PMCID conversion failed; No OA via PMC/Europe PMC.
PMC3665294,20618699.0,downloaded_papers/PMC3665294.xml,PMC,xml,ok,
PMC3012930,21088282.0,downloaded_papers/PMC3012930.xml,PMC,xml,ok,
PMC3012930,21088282.0,downloaded_papers/PMC3012930.xml,PMC,xml,ok,
PMC3039036,21183218.0,downloaded_papers/PMC3039036.xml,PMC,xml,ok,
,20850871.0,,,,failed,PMCID conversion failed; No OA via PMC/Europe PMC.
PMC2944162,20840781.0,downloaded_papers/PMC2944162.xml,PMC,xml,ok,
PMC3199758,21810232.0,downloaded_papers/PMC3199758.xml,PMC,xml,ok,
,18068164.0,,,,failed,PMCID conversion failed; No OA via PMC/Europe PMC.
,20637626.0,,,,failed,PMCID conversion failed; No OA via PMC/Europe PMC.
PMC3431485,22955980.0,downloaded_papers/PMC3431485.xml,PMC,xml,ok,
PMC2923361,20430792.0,downloaded_papers/PMC2923361.xml,PMC,xml,ok,
PMC2890563,20504330.0,downloaded_papers/PMC2890563.xml,PMC,xml,ok,
,20736060.0,,,,failed,PMCID conversion failed; No OA via PMC/Europe PMC.
,20513153.0,,,,failed,PMCID conversion failed; No OA via PMC/Europe PMC.
PMC3590800,23117585.0,downloaded_papers/PMC3590800.xml,PMC,xml,ok,
PMC2928225,20618694.0,downloaded_papers/PMC2928225.xml,PMC,xml,ok,
PMC3045792,21210965.0,downloaded_papers/PMC3045792.xml,PMC,xml,ok,
PMC2890770,20479220.0,downloaded_papers/PMC2890770.xml,PMC,xml,ok,
PMC2860059,20346505.0,downloaded_papers/PMC2860059.xml,PMC,xml,ok,
PMC3592905,23314690.0,downloaded_papers/PMC3592905.xml,PMC,xml,ok,
PMC2857000,20139068.0,downloaded_papers/PMC2857000.xml,PMC,xml,ok,
,20200148.0,,,,failed,PMCID conversion failed; No OA via PMC/Europe PMC.
,19968565.0,,,,failed,PMCID conversion failed; No OA via PMC/Europe PMC.
PMC2847749,20176728.0,downloaded_papers/PMC2847749.xml,PMC,xml,ok,
,20081188.0,,,,failed,PMCID conversion failed; No OA via PMC/Europe PMC.
PMC2943934,20172608.0,downloaded_papers/PMC2943934.xml,PMC,xml,ok,
PMC2965733,20098412.0,downloaded_papers/PMC2965733.xml,PMC,xml,ok,
PMC3654802,20053520.0,downloaded_papers/PMC3654802.xml,PMC,xml,ok,
,20081188.0,,,,failed,PMCID conversion failed; No OA via PMC/Europe PMC.
PMC2718614,19680444.0,downloaded_papers/PMC2718614.xml,PMC,xml,ok,
PMC2779752,19884257.0,downloaded_papers/PMC2779752.xml,PMC,xml,ok,
,20081188.0,,,,failed,PMCID conversion failed; No OA via PMC/Europe PMC.
PMC2840328,20133625.0,downloaded_papers/PMC2840328.xml,PMC,xml,ok,
PMC2779752,19884257.0,downloaded_papers/PMC2779752.xml,PMC,xml,ok,
,16616782.0,,,,failed,PMCID conversion failed; No OA via PMC/Europe PMC.
PMC3320630,22496790.0,downloaded_papers/PMC3320630.xml,PMC,xml,ok,
PMC2667091,19297625.0,downloaded_papers/PMC2667091.xml,PMC,xml,ok,
PMC4073896,20103698.0,downloaded_papers/PMC4073896.xml,PMC,xml,ok,
PMC3320630,22496790.0,downloaded_papers/PMC3320630.xml,PMC,xml,ok,
,20092892.0,,,,failed,PMCID conversion failed; No OA via PMC/Europe PMC.
PMC1518801,16864791.0,downloaded_papers/PMC1518801.xml,PMC,xml,ok,
PMC2667091,19297625.0,downloaded_papers/PMC2667091.xml,PMC,xml,ok,
PMC2667091,19297625.0,downloaded_papers/PMC2667091.xml,PMC,xml,ok,
PMC3128320,20128659.0,downloaded_papers/PMC3128320.xml,PMC,xml,ok,
,19622795.0,,,,failed,PMCID conversion failed; No OA via PMC/Europe PMC.
PMC2386061,18366608.0,downloaded_papers/PMC2386061.xml,PMC,xml,ok,
PMC3218658,20961407.0,downloaded_papers/PMC3218658.xml,PMC,xml,ok,
,19622795.0,,,,failed,PMCID conversion failed; No OA via PMC/Europe PMC.
PMC2710868,19536202.0,downloaded_papers/PMC2710868.xml,PMC,xml,ok,
PMC2724418,19630995.0,downloaded_papers/PMC2724418.xml,PMC,xml,ok,
,16382445.0,,,,failed,PMCID conversion failed; No OA via PMC/Europe PMC.
PMC2710868,19536202.0,downloaded_papers/PMC2710868.xml,PMC,xml,ok,
,21691740.0,,,,failed,PMCID conversion failed; No OA via PMC/Europe PMC.
PMC2698893,19541600.0,downloaded_papers/PMC2698893.xml,PMC,xml,ok,
PMC2929018,20299549.0,downloaded_papers/PMC2929018.xml,PMC,xml,ok,
PMC2677862,19270067.0,downloaded_papers/PMC2677862.xml,PMC,xml,ok,
PMC2666995,19307558.0,downloaded_papers/PMC2666995.xml,PMC,xml,ok,
PMC2697309,19268448.0,downloaded_papers/PMC2697309.xml,PMC,xml,ok,
PMC2697309,19268448.0,downloaded_papers/PMC2697309.xml,PMC,xml,ok,
PMC2697309,19268448.0,downloaded_papers/PMC2697309.xml,PMC,xml,ok,
,15607117.0,,,,failed,PMCID conversion failed; No OA via PMC/Europe PMC.
PMC3607281,20944595.0,downloaded_papers/PMC3607281.xml,PMC,xml,ok,
PMC2630905,18818296.0,downloaded_papers/PMC2630905.xml,PMC,xml,ok,
PMC2770020,19571260.0,downloaded_papers/PMC2770020.xml,PMC,xml,ok,
PMC2898759,20573213.0,downloaded_papers/PMC2898759.xml,PMC,xml,ok,
,19088135.0,,,,failed,PMCID conversion failed; No OA via PMC/Europe PMC.
PMC3064984,18845641.0,downloaded_papers/PMC3064984.xml,PMC,xml,ok,
PMC1450310,16584545.0,downloaded_papers/PMC1450310.xml,PMC,xml,ok,
PMC2644347,19112179.0,downloaded_papers/PMC2644347.xml,PMC,xml,ok,
PMC2805391,19038858.0,downloaded_papers/PMC2805391.xml,PMC,xml,ok,
PMC2667803,19027158.0,downloaded_papers/PMC2667803.xml,PMC,xml,ok,
PMC2592700,19079545.0,downloaded_papers/PMC2592700.xml,PMC,xml,ok,
PMC3607281,20944595.0,downloaded_papers/PMC3607281.xml,PMC,xml,ok,
PMC1323209,16365291.0,downloaded_papers/PMC1323209.xml,PMC,xml,ok,
PMC3343317,19036436.0,downloaded_papers/PMC3343317.xml,PMC,xml,ok,
PMC2612519,18981216.0,downloaded_papers/PMC2612519.xml,PMC,xml,ok,
PMC2636924,19001510.0,downloaded_papers/PMC2636924.xml,PMC,xml,ok,
,19372591.0,,,,failed,PMCID conversion failed; No OA via PMC/Europe PMC.
,18261801.0,,,,failed,PMCID conversion failed; No OA via PMC/Europe PMC.
PMC1367260,16452450.0,downloaded_papers/PMC1367260.xml,PMC,xml,ok,
PMC3651602,19770384.0,downloaded_papers/PMC3651602.xml,PMC,xml,ok,
PMC3305468,18477666.0,downloaded_papers/PMC3305468.xml,PMC,xml,ok,
PMC2323105,18446208.0,downloaded_papers/PMC2323105.xml,PMC,xml,ok,
,19249095.0,,,,failed,PMCID conversion failed; No OA via PMC/Europe PMC.
PMC2702165,19050320.0,downloaded_papers/PMC2702165.xml,PMC,xml,ok,
,18449896.0,,,,failed,PMCID conversion failed; No OA via PMC/Europe PMC.
PMC2394514,18442421.0,downloaded_papers/PMC2394514.xml,PMC,xml,ok,
PMC2336813,18340042.0,downloaded_papers/PMC2336813.xml,PMC,xml,ok,
PMC2336813,18340042.0,downloaded_papers/PMC2336813.xml,PMC,xml,ok,
PMC2492384,18398312.0,downloaded_papers/PMC2492384.xml,PMC,xml,ok,
PMC2492384,18398312.0,downloaded_papers/PMC2492384.xml,PMC,xml,ok,
PMC2346690,18316388.0,downloaded_papers/PMC2346690.xml,PMC,xml,ok,
PMC2783191,19246989.0,downloaded_papers/PMC2783191.xml,PMC,xml,ok,
PMC2336813,18340042.0,downloaded_papers/PMC2336813.xml,PMC,xml,ok,
PMC2223396,18039842.0,downloaded_papers/PMC2223396.xml,PMC,xml,ok,
PMC1216328,16162033.0,downloaded_papers/PMC1216328.xml,PMC,xml,ok,
PMC2267211,18365009.0,downloaded_papers/PMC2267211.xml,PMC,xml,ok,
PMC2857523,19829295.0,downloaded_papers/PMC2857523.xml,PMC,xml,ok,
,18000027.0,,,,failed,PMCID conversion failed; No OA via PMC/Europe PMC.
PMC2211385,17977525.0,downloaded_papers/PMC2211385.xml,PMC,xml,ok,
,17928820.0,,,,failed,PMCID conversion failed; No OA via PMC/Europe PMC.
,17925483.0,,,,failed,PMCID conversion failed; No OA via PMC/Europe PMC.
,16324689.0,,,,failed,PMCID conversion failed; No OA via PMC/Europe PMC.
,17673674.0,,,,failed,PMCID conversion failed; No OA via PMC/Europe PMC.
,18089771.0,,,,failed,PMCID conversion failed; No OA via PMC/Europe PMC.
,16478745.0,,,,failed,PMCID conversion failed; No OA via PMC/Europe PMC.
PMC2398777,18545679.0,downloaded_papers/PMC2398777.xml,PMC,xml,ok,
,16023359.0,,,,failed,PMCID conversion failed; No OA via PMC/Europe PMC.
,17579077.0,,,,failed,PMCID conversion failed; No OA via PMC/Europe PMC.
PMC2013718,17660561.0,downloaded_papers/PMC2013718.xml,PMC,xml,ok,
PMC1626270,17017123.0,downloaded_papers/PMC1626270.xml,PMC,xml,ok,
PMC1867817,17462098.0,downloaded_papers/PMC1867817.xml,PMC,xml,ok,
,17544394.0,,,,failed,PMCID conversion failed; No OA via PMC/Europe PMC.
,12837261.0,,,,failed,PMCID conversion failed; No OA via PMC/Europe PMC.
PMC2645369,19014478.0,downloaded_papers/PMC2645369.xml,PMC,xml,ok,
PMC1431507,15897883.0,downloaded_papers/PMC1431507.xml,PMC,xml,ok,
PMC2706266,19534766.0,downloaded_papers/PMC2706266.xml,PMC,xml,ok,
,17170095.0,,,,failed,PMCID conversion failed; No OA via PMC/Europe PMC.
,17261642.0,,,,failed,PMCID conversion failed; No OA via PMC/Europe PMC.
,16987497.0,,,,failed,PMCID conversion failed; No OA via PMC/Europe PMC.
,18253026.0,,,,failed,PMCID conversion failed; No OA via PMC/Europe PMC.
,17021345.0,,,,failed,PMCID conversion failed; No OA via PMC/Europe PMC.
PMC2361178,16449999.0,downloaded_papers/PMC2361178.xml,PMC,xml,ok,
,15998744.0,,,,failed,PMCID conversion failed; No OA via PMC/Europe PMC.
PMC2040329,17559929.0,downloaded_papers/PMC2040329.xml,PMC,xml,ok,
,15998744.0,,,,failed,PMCID conversion failed; No OA via PMC/Europe PMC.
PMC1524921,16855283.0,downloaded_papers/PMC1524921.xml,PMC,xml,ok,
PMC2323222,17615082.0,downloaded_papers/PMC2323222.xml,PMC,xml,ok,
PMC2323222,17615082.0,downloaded_papers/PMC2323222.xml,PMC,xml,ok,
,15998744.0,,,,failed,PMCID conversion failed; No OA via PMC/Europe PMC.
,15809034.0,,,,failed,PMCID conversion failed; No OA via PMC/Europe PMC.
,16860862.0,,,,failed,PMCID conversion failed; No OA via PMC/Europe PMC.
,16554549.0,,,,failed,PMCID conversion failed; No OA via PMC/Europe PMC.
,16357342.0,,,,failed,PMCID conversion failed; No OA via PMC/Europe PMC.
,16357342.0,,,,failed,PMCID conversion failed; No OA via PMC/Europe PMC.
PMC1525254,16301212.0,downloaded_papers/PMC1525254.xml,PMC,xml,ok,
PMC2323222,17615082.0,downloaded_papers/PMC2323222.xml,PMC,xml,ok,
,16757553.0,,,,failed,PMCID conversion failed; No OA via PMC/Europe PMC.
PMC1308920,16314565.0,downloaded_papers/PMC1308920.xml,PMC,xml,ok,
PMC1762406,17183653.0,downloaded_papers/PMC1762406.xml,PMC,xml,ok,
PMC1258170,16237126.0,downloaded_papers/PMC1258170.xml,PMC,xml,ok,
PMC1356124,16344565.0,downloaded_papers/PMC1356124.xml,PMC,xml,ok,
PMC1308920,16314565.0,downloaded_papers/PMC1308920.xml,PMC,xml,ok,
,16424014.0,,,,failed,PMCID conversion failed; No OA via PMC/Europe PMC.
PMC430900,12727912.0,downloaded_papers/PMC430900.xml,PMC,xml,ok,
PMC1175992,15998450.0,downloaded_papers/PMC1175992.xml,PMC,xml,ok,
PMC1175992,15998450.0,downloaded_papers/PMC1175992.xml,PMC,xml,ok,
,12426580.0,,,,failed,PMCID conversion failed; No OA via PMC/Europe PMC.
,17005908.0,,,,failed,PMCID conversion failed; No OA via PMC/Europe PMC.
,16261529.0,,,,failed,PMCID conversion failed; No OA via PMC/Europe PMC.
,15146197.0,,,,failed,PMCID conversion failed; No OA via PMC/Europe PMC.
,17700033.0,,,,failed,PMCID conversion failed; No OA via PMC/Europe PMC.
PMC430900,12727912.0,downloaded_papers/PMC430900.xml,PMC,xml,ok,
,14633856.0,,,,failed,PMCID conversion failed; No OA via PMC/Europe PMC.
PMC430900,12727912.0,downloaded_papers/PMC430900.xml,PMC,xml,ok,
,15757903.0,,,,failed,PMCID conversion failed; No OA via PMC/Europe PMC.
,16797695.0,,,,failed,PMCID conversion failed; No OA via PMC/Europe PMC.
,15024388.0,,,,failed,PMCID conversion failed; No OA via PMC/Europe PMC.
,15950434.0,,,,failed,PMCID conversion failed; No OA via PMC/Europe PMC.
,15784693.0,,,,failed,PMCID conversion failed; No OA via PMC/Europe PMC.
PMC535809,15560851.0,downloaded_papers/PMC535809.xml,PMC,xml,ok,
,16091418.0,,,,failed,PMCID conversion failed; No OA via PMC/Europe PMC.
PMC549719,15588312.0,downloaded_papers/PMC549719.xml,PMC,xml,ok,
,15598878.0,,,,failed,PMCID conversion failed; No OA via PMC/Europe PMC.
PMC395923,15075390.0,downloaded_papers/PMC395923.xml,PMC,xml,ok,
PMC1414632,16567644.0,downloaded_papers/PMC1414632.xml,PMC,xml,ok,
PMC3197713,18978788.0,downloaded_papers/PMC3197713.xml,PMC,xml,ok,
PMC1088941,15774023.0,downloaded_papers/PMC1088941.xml,PMC,xml,ok,
